window,cut_date,test_start,test_end,model,model_label,maturity_bucket,n_observations,carry_rmse_bps,carry_mae_bps,carry_mean_bias_bps,futures_rmse_points,futures_mae_points,futures_mean_bias_points,marginal_standardized_innovation_rms,mean_observation_noise_carry_bps
1,2024-03-04,2024-03-05,2024-08-27,constant_carry,Constant carry noise,6-10,28,640.226552558973,497.4259457780048,113.60760258102472,10.646940555537004,8.124944165899674,-2.6692372457392657,0.6858981046571887,48.29268580666382
1,2024-03-04,2024-03-05,2024-08-27,constant_carry,Constant carry noise,11-15,25,656.9225413962914,483.5762462951543,-118.03607995680952,17.15894257982782,13.00293759174172,3.1622727461094473,0.918917758729478,48.292685806663826
1,2024-03-04,2024-03-05,2024-08-27,constant_carry,Constant carry noise,16-21,36,248.73856501398208,189.19957240007056,38.86607731325674,9.422910480502617,7.1693271740836435,-1.7342332224952013,0.45675330228029526,48.29268580666382
1,2024-03-04,2024-03-05,2024-08-27,constant_carry,Constant carry noise,22-42,116,242.24293548290302,191.41452081438652,75.08194852542421,15.719139793594632,12.376483767290516,-5.197865043188946,0.7037058725216159,48.292685806663805
1,2024-03-04,2024-03-05,2024-08-27,constant_carry,Constant carry noise,43-63,43,154.2012129892018,121.71728541063669,103.52417101277017,16.376696919740525,13.081418546802631,-11.027032752309678,0.6941193064893854,48.29268580666382
1,2024-03-04,2024-03-05,2024-08-27,constant_carry,Constant carry noise,64-126,123,99.06368784410616,74.49590728618037,0.15440226448179234,19.086686105439917,14.139977835127954,1.3848838426327983,0.7477298585774192,48.29268580666382
1,2024-03-04,2024-03-05,2024-08-27,constant_carry,Constant carry noise,127-252,73,102.58361512484609,70.78642553206855,-62.96916115424241,31.39839373812981,20.992526540409205,18.78327461984446,1.0741069351800228,48.29268580666382
1,2024-03-04,2024-03-05,2024-08-27,two_bucket_carry,Two carry-noise buckets,6-10,28,623.7183755549919,437.69554583516486,102.87605059996446,10.271589819844104,7.018439606275414,-2.2006784824425267,0.7684871801993538,278.4385700378012
1,2024-03-04,2024-03-05,2024-08-27,two_bucket_carry,Two carry-noise buckets,11-15,25,726.447278460688,525.4497794725812,-256.07011832146674,19.1282124875051,14.215616159603451,6.830435593273287,1.0472309031890183,278.4385700378012
1,2024-03-04,2024-03-05,2024-08-27,two_bucket_carry,Two carry-noise buckets,16-21,36,247.77116062242965,189.4123978536846,23.363185615166607,9.382577453027473,7.164388713929283,-1.1471432779097388,0.47799025831856096,31.633761362162186
1,2024-03-04,2024-03-05,2024-08-27,two_bucket_carry,Two carry-noise buckets,22-42,116,231.92720796923598,176.90893726744375,31.260232273442618,15.091542371794892,11.407142794071943,-2.297811982061297,0.6502939869932234,31.633761362162186
1,2024-03-04,2024-03-05,2024-08-27,two_bucket_carry,Two carry-noise buckets,43-63,43,145.08595349483474,113.18095823978679,88.70175494274584,15.542135731279965,12.244771234705906,-9.547873401488307,0.6156762871693288,31.6337613621622
1,2024-03-04,2024-03-05,2024-08-27,two_bucket_carry,Two carry-noise buckets,64-126,123,95.20143287640298,72.6239912492122,8.906954679125294,18.064555400714614,13.744386537226307,-0.7459846298810131,0.6976171609150262,31.63376136216219
1,2024-03-04,2024-03-05,2024-08-27,two_bucket_carry,Two carry-noise buckets,127-252,73,79.65598524087848,55.795159828134096,-32.081119703036094,23.943527941507924,16.320207193392665,9.505926357137195,0.8650508529019566,31.633761362162186
1,2024-03-04,2024-03-05,2024-08-27,constant_log_futures,Constant log-futures noise,6-10,28,603.635767787203,439.40948814817784,73.1689760316842,9.895334743890983,7.087037698329985,-1.7709281638271608,0.7919692252613133,262.8764322061998
1,2024-03-04,2024-03-05,2024-08-27,constant_log_futures,Constant log-futures noise,11-15,25,719.7827692968993,520.6446349861208,-271.8998060919456,18.945323509524375,14.038915669547315,7.3865335405111185,1.1465924191239205,156.45128036975646
1,2024-03-04,2024-03-05,2024-08-27,constant_log_futures,Constant log-futures noise,16-21,36,254.3444079188744,197.0372108569528,-60.101160753933264,9.490770438222553,7.324089655642663,2.026617396912343,0.4905093968761081,109.5663674208875
1,2024-03-04,2024-03-05,2024-08-27,constant_log_futures,Constant log-futures noise,22-42,116,239.03583994114908,180.81683818138677,-0.4223863028393567,15.343350109968325,11.568637272215327,-0.38361573923992276,0.6472520115113343,66.68055174282594
1,2024-03-04,2024-03-05,2024-08-27,constant_log_futures,Constant log-futures noise,43-63,43,142.9217813740208,113.36500637799878,83.80104890952906,15.575149814702964,12.369640522024298,-9.204301929505776,0.5935823898756052,38.61703053173193
1,2024-03-04,2024-03-05,2024-08-27,constant_log_futures,Constant log-futures noise,64-126,123,95.07222587760772,73.1585033922933,24.784477245613097,17.761354801226613,13.798981861502819,-4.3835866065342275,0.6830264792068957,21.857920613668416
1,2024-03-04,2024-03-05,2024-08-27,constant_log_futures,Constant log-futures noise,127-252,73,70.28986750922904,49.304377187020876,-7.1010153825144045,20.931773682857045,14.46033376569704,2.26406673783533,0.7932235918843282,14.025606501917409
2,2024-08-27,2024-08-28,2025-03-03,constant_carry,Constant carry noise,6-10,29,994.7934775307388,728.7264108976211,160.38352787934758,20.253362970658333,14.30006084961553,-2.94023434964044,1.1981098662899181,54.50172342710439
2,2024-08-27,2024-08-28,2025-03-03,constant_carry,Constant carry noise,11-15,32,763.0524587818328,489.5158560153691,-89.57280631529777,20.053784334123936,14.105031547292128,2.0249973336055973,1.1663800580669663,54.50172342710438
2,2024-08-27,2024-08-28,2025-03-03,constant_carry,Constant carry noise,16-21,36,352.157345526702,283.7070448808453,31.40562443734469,16.484909891590693,12.889941836638274,-1.9367255818868518,0.7366721278071207,54.50172342710439
2,2024-08-27,2024-08-28,2025-03-03,constant_carry,Constant carry noise,22-42,107,392.0685563776223,256.419247774495,-27.43414419376445,26.789392592841466,18.142035353692183,2.0871702110394565,1.2351399025349408,54.501723427104366
2,2024-08-27,2024-08-28,2025-03-03,constant_carry,Constant carry noise,43-63,43,320.60352054408276,190.48573154430423,-68.67596024061511,37.32783895322454,22.29040758142278,7.501462469735278,1.713527033513207,54.50172342710439
2,2024-08-27,2024-08-28,2025-03-03,constant_carry,Constant carry noise,64-126,128,124.87291850485026,86.28208962553704,7.974142227088079,27.874458369704275,18.68710128549062,-2.61434828916628,1.0583301258627247,54.501723427104366
2,2024-08-27,2024-08-28,2025-03-03,constant_carry,Constant carry noise,127-252,68,79.91189477272307,65.47619908624118,43.56017997225864,27.829601877952964,22.50755024504292,-15.750008503233255,0.8436591268910553,54.501723427104395
2,2024-08-27,2024-08-28,2025-03-03,two_bucket_carry,Two carry-noise buckets,6-10,29,722.3548724843681,583.1116930016747,60.9595919759226,14.150693043672215,11.139246908482948,-1.1154318872679203,1.008744732516146,325.9427627725861
2,2024-08-27,2024-08-28,2025-03-03,two_bucket_carry,Two carry-noise buckets,11-15,32,753.802180304706,487.93385802881477,-48.7154028146512,19.988426395488244,14.196725430802672,0.6105290760567357,1.1762224670313233,325.94276277258604
2,2024-08-27,2024-08-28,2025-03-03,two_bucket_carry,Two carry-noise buckets,16-21,36,354.3880554269891,282.6578534874466,26.865241423135185,16.637464494931745,12.901286806073914,-1.8009810976923544,0.7856695008890809,36.960149859244964
2,2024-08-27,2024-08-28,2025-03-03,two_bucket_carry,Two carry-noise buckets,22-42,107,400.85886936667094,259.67586419734016,-11.370905807878628,27.607260924282414,18.462559192489785,0.8830190072410439,1.2000899326703205,36.96014985924494
2,2024-08-27,2024-08-28,2025-03-03,two_bucket_carry,Two carry-noise buckets,43-63,43,330.41649427952854,201.4847050676791,-56.843748164005795,38.87903512538929,23.685056941336097,5.995858565400107,1.5993372407315898,36.96014985924496
2,2024-08-27,2024-08-28,2025-03-03,two_bucket_carry,Two carry-noise buckets,64-126,128,124.46420068542865,87.14808903435731,1.0897205289296261,27.703792164038788,18.815855882940134,-0.8394458031112393,1.0208543590399628,36.96014985924494
2,2024-08-27,2024-08-28,2025-03-03,two_bucket_carry,Two carry-noise buckets,127-252,68,75.36359295280923,60.49958671860024,38.85746982343866,26.155878244267274,20.83886763111313,-13.652749546564872,0.8208905297936979,36.96014985924496
2,2024-08-27,2024-08-28,2025-03-03,constant_log_futures,Constant log-futures noise,6-10,29,707.0537631194242,547.3333725289947,61.666628975953174,13.878633826120614,10.508288816544745,-0.9248559506670125,1.093715144811368,286.23217716311245
2,2024-08-27,2024-08-28,2025-03-03,constant_log_futures,Constant log-futures noise,11-15,32,743.0624987794388,477.50404472852796,-42.38757556511123,19.570468614826115,13.804855036579454,0.4319876357615726,1.363493069974453,170.03034909972064
2,2024-08-27,2024-08-28,2025-03-03,constant_log_futures,Constant log-futures noise,16-21,36,351.864353679264,283.6991450995121,88.87863536835005,16.5604216214623,12.955250542433255,-4.475676689062336,0.7849696544122805,119.9237543094611
2,2024-08-27,2024-08-28,2025-03-03,constant_log_futures,Constant log-futures noise,22-42,107,395.32860244418623,258.1443909336142,9.96776761802674,27.28526027847852,18.32489595635065,-0.6198310343488969,1.1609538141657403,73.8450227566332
2,2024-08-27,2024-08-28,2025-03-03,constant_log_futures,Constant log-futures noise,43-63,43,326.23539845722394,203.69731744662238,-42.02850044256635,38.62698603445791,23.962099569456196,4.222110890516718,1.519508299176328,42.26752598138538
2,2024-08-27,2024-08-28,2025-03-03,constant_log_futures,Constant log-futures noise,64-126,128,124.6018485628608,86.48630685547938,-9.811112195599904,27.612058432986487,18.595889768425828,1.8371016169185665,1.0208407185119972,24.14770340354212
2,2024-08-27,2024-08-28,2025-03-03,constant_log_futures,Constant log-futures noise,127-252,68,65.04313017840883,52.20267608969438,15.683236276642639,22.54834374105242,17.8683961306845,-5.547367842639367,0.7492417638607287,15.210485942088091
3,2025-03-03,2025-03-04,2025-08-25,constant_carry,Constant carry noise,6-10,30,1449.7498183961097,725.297252421728,123.27902274731277,28.05473167974457,14.5443282014801,-2.2827233976663592,1.653522138849942,55.120269213212744
3,2025-03-03,2025-03-04,2025-08-25,constant_carry,Constant carry noise,11-15,28,456.3282876905611,382.85593657893037,112.11557727263825,15.181290700809278,12.71357996873186,-3.8440444259993973,0.6872305221778424,55.120269213212744
3,2025-03-03,2025-03-04,2025-08-25,constant_carry,Constant carry noise,16-21,33,350.87965960745976,276.441401128509,-18.60761127868778,17.841704401329277,13.627845547042163,0.6716371990301426,0.7269914754421517,55.12026921321275
3,2025-03-03,2025-03-04,2025-08-25,constant_carry,Constant carry noise,22-42,112,361.22297909118447,218.19937171754265,31.49412662684494,24.228920774608326,16.529754941278522,-2.0644891480898764,1.021244195366022,55.12026921321274
3,2025-03-03,2025-03-04,2025-08-25,constant_carry,Constant carry noise,43-63,43,292.55967915302364,173.27748963664436,17.6529357551872,33.853356259240186,21.483028072338403,-1.1601778760496018,1.4259935987893269,55.12026921321275
3,2025-03-03,2025-03-04,2025-08-25,constant_carry,Constant carry noise,64-126,122,120.12734949917508,87.02563929079676,2.5148943094591263,27.667125175350623,20.170371876901644,-0.3473481746269186,0.961249840599286,55.12026921321274
3,2025-03-03,2025-03-04,2025-08-25,constant_carry,Constant carry noise,127-252,76,83.6504795206442,67.42548670643787,18.296802824353026,30.25881423906178,24.265505148289822,-6.877482317646713,0.8720740767189195,55.12026921321275
3,2025-03-03,2025-03-04,2025-08-25,two_bucket_carry,Two carry-noise buckets,6-10,30,1315.01210273496,721.5124610191915,141.61812157832964,26.04086150305375,14.54813727615392,-2.8331570421980663,1.7658613009306339,322.89000297106907
3,2025-03-03,2025-03-04,2025-08-25,two_bucket_carry,Two carry-noise buckets,11-15,28,510.5756043652749,422.5952737548185,119.62952493099066,17.086336141247838,14.002644162615493,-4.259245387912317,0.7772376943113408,322.89000297106907
3,2025-03-03,2025-03-04,2025-08-25,two_bucket_carry,Two carry-noise buckets,16-21,33,353.84600873636685,282.29074213340454,-30.97792530228918,18.00184546256658,13.898423633939109,1.2051662784942616,0.7629625757187234,38.48965702839803
3,2025-03-03,2025-03-04,2025-08-25,two_bucket_carry,Two carry-noise buckets,22-42,112,354.80209816694156,216.09139522426193,26.578044023896457,23.879149025251373,16.34679532757759,-2.0550707225947105,0.9637206854353704,38.48965702839803
3,2025-03-03,2025-03-04,2025-08-25,two_bucket_carry,Two carry-noise buckets,43-63,43,302.48776661522766,176.0258968903782,17.49120705111783,34.88886579265009,21.864826726819004,-1.1870916229116246,1.3471771034233198,38.48965702839803
3,2025-03-03,2025-03-04,2025-08-25,two_bucket_carry,Two carry-noise buckets,64-126,122,119.86540813450132,84.09099679353082,5.619689650547491,27.708141529373677,19.495750209152245,-0.7995814081423603,0.9439448622231701,38.489657028398035
3,2025-03-03,2025-03-04,2025-08-25,two_bucket_carry,Two carry-noise buckets,127-252,76,67.39575168587875,52.1037774482083,6.671904916064328,23.887284719336634,18.537082291835244,-2.466372658802823,0.7170904606314369,38.48965702839804
3,2025-03-03,2025-03-04,2025-08-25,constant_log_futures,Constant log-futures noise,6-10,30,1279.106676713736,689.2660055994886,120.32126660296868,25.21003097752191,13.834281912819673,-2.3179747568061733,1.899443529439562,296.4345815953694
3,2025-03-03,2025-03-04,2025-08-25,constant_log_futures,Constant log-futures noise,11-15,28,496.4837479862164,415.3818943230849,98.47156927088973,16.806971021372856,13.884480020951514,-3.5836462168078276,0.883224030034968,180.16757096141498
3,2025-03-03,2025-03-04,2025-08-25,constant_log_futures,Constant log-futures noise,16-21,33,352.041166056403,284.859740367265,-75.68927447487593,17.711633568633896,13.910577052013126,3.2290983448306867,0.7575292138595908,124.23811618098111
3,2025-03-03,2025-03-04,2025-08-25,constant_log_futures,Constant log-futures noise,22-42,112,359.1032455115997,221.9076574149246,21.94741167215387,24.167414244225554,16.760875746463928,-1.8344854988524812,0.9607711983876942,76.58361899630776
3,2025-03-03,2025-03-04,2025-08-25,constant_log_futures,Constant log-futures noise,43-63,43,304.7974811139291,172.60516087188392,20.18518827804474,35.048475922471034,21.439423881266055,-1.6554953945905952,1.313926044862072,44.11458633263886
3,2025-03-03,2025-03-04,2025-08-25,constant_log_futures,Constant log-futures noise,64-126,122,118.0681501245836,81.76554438988896,10.324807828265103,27.127545799260147,18.82349857306432,-1.7346870582284177,0.9407498529137153,24.94010083349226
3,2025-03-03,2025-03-04,2025-08-25,constant_log_futures,Constant log-futures noise,127-252,76,63.65332931899285,49.00712440892944,5.700153461814928,22.471133300648855,17.414920890029705,-1.7994848396770187,0.7163163190799533,16.01008625872208
4,2025-08-25,2025-08-26,2026-02-27,constant_carry,Constant carry noise,6-10,30,1130.257139516968,849.5588212381286,43.6159448637801,28.311259118053645,20.813958403070988,-1.5476667241060569,1.2322192403958523,57.71853058038973
4,2025-08-25,2025-08-26,2026-02-27,constant_carry,Constant carry noise,11-15,31,586.2554990325747,452.35457905027465,-1.9031755701868174,25.560844495370034,18.651372673790526,-1.019925627375033,0.921158635325365,57.71853058038974
4,2025-08-25,2025-08-26,2026-02-27,constant_carry,Constant carry noise,16-21,39,401.0497926848319,313.2873998014675,-38.85836561805246,23.16794201359174,18.039307281124795,2.5997402083066845,0.8034891022979728,57.71853058038973
4,2025-08-25,2025-08-26,2026-02-27,constant_carry,Constant carry noise,22-42,106,333.078805007098,254.6342829177252,-77.34194014675394,31.101297895719433,23.863069685373897,7.929763767358509,1.0088840320956032,57.71853058038971
4,2025-08-25,2025-08-26,2026-02-27,constant_carry,Constant carry noise,43-63,42,186.2874687006676,151.91718826161184,-85.14017894943441,28.803616840292616,23.838506146089436,13.359516997764656,0.9194617002605419,57.71853058038972
4,2025-08-25,2025-08-26,2026-02-27,constant_carry,Constant carry noise,64-126,128,132.1658616456367,102.36664213998485,20.545241047816212,37.57704013217492,28.79481324289671,-7.141598643677483,1.0360281755324212,57.71853058038971
4,2025-08-25,2025-08-26,2026-02-27,constant_carry,Constant carry noise,127-252,68,108.16367688318985,85.39189316781588,63.95054544357801,47.80982028723947,36.8334759642123,-26.405168060602218,1.115322783694199,57.7185305803897
4,2025-08-25,2025-08-26,2026-02-27,two_bucket_carry,Two carry-noise buckets,6-10,30,1031.691683407574,791.4949369766466,162.25492517133944,26.2294917744016,19.478050528366413,-4.292161438318059,1.4020266075448842,359.7544838130305
4,2025-08-25,2025-08-26,2026-02-27,two_bucket_carry,Two carry-noise buckets,11-15,31,594.2875534569066,454.9833335583936,104.05819263784471,25.919990769450582,18.75874467339124,-5.141902097542404,0.9240490654547155,359.7544838130305
4,2025-08-25,2025-08-26,2026-02-27,two_bucket_carry,Two carry-noise buckets,16-21,39,393.14633050302206,304.7450737082051,-10.151944997379553,22.653107255553458,17.52048992309089,0.8627068483380217,0.8484176659952875,38.978742494478475
4,2025-08-25,2025-08-26,2026-02-27,two_bucket_carry,Two carry-noise buckets,22-42,106,331.70571835625907,243.33715161907062,-21.687198756440445,30.83539123281918,22.65646809440388,2.3214054174880934,0.9501319780288672,38.978742494478475
4,2025-08-25,2025-08-26,2026-02-27,two_bucket_carry,Two carry-noise buckets,43-63,42,178.00382588917665,145.13473331539043,-71.07989435700166,27.606555933708215,22.76411186483089,11.175989695516689,0.7919049039966559,38.978742494478475
4,2025-08-25,2025-08-26,2026-02-27,two_bucket_carry,Two carry-noise buckets,64-126,128,131.02096891961557,98.14190051984536,-1.5714565690460838,36.57781012043882,27.31015265096667,-0.08724711491699111,0.9583932055239386,38.978742494478475
4,2025-08-25,2025-08-26,2026-02-27,two_bucket_carry,Two carry-noise buckets,127-252,68,94.6019709533729,68.11140924927611,32.32571446611319,42.97945825518951,30.033057386005073,-12.69574108008621,1.0094260719261485,38.97874249447849
4,2025-08-25,2025-08-26,2026-02-27,constant_log_futures,Constant log-futures noise,6-10,30,1048.012310360719,806.3889028025063,143.7498290020836,26.859326830154235,19.857709134885468,-3.782986708635144,1.562743735290934,304.92039385217436
4,2025-08-25,2025-08-26,2026-02-27,constant_log_futures,Constant log-futures noise,11-15,31,589.6650961099731,445.33026207099937,110.70014882728775,25.993664972077713,18.433312200203485,-5.562126895074207,1.1025633419864473,182.98797704234505
4,2025-08-25,2025-08-26,2026-02-27,constant_log_futures,Constant log-futures noise,16-21,39,388.4718161992174,296.3852904970363,32.61919617608041,22.366059933975283,17.03486366110321,-1.4591990948649067,0.8327595716095353,129.5534814049917
4,2025-08-25,2025-08-26,2026-02-27,constant_log_futures,Constant log-futures noise,22-42,106,338.0317390146202,243.2301664782419,-4.888757471132296,31.385063133127378,22.58430794870262,0.5891454188047063,0.9537735598461794,79.81930810655864
4,2025-08-25,2025-08-26,2026-02-27,constant_log_futures,Constant log-futures noise,43-63,42,175.32365109027424,141.03932190221582,-65.11642856198743,27.27021856147345,22.128619764210963,10.333966955494015,0.7679617148687057,45.15030641505709
4,2025-08-25,2025-08-26,2026-02-27,constant_log_futures,Constant log-futures noise,64-126,128,132.1502328598911,96.56107478926924,-11.480379924884014,36.64155049697331,26.832386205744704,3.1506226328959386,0.9761113045539263,25.91145675335634
4,2025-08-25,2025-08-26,2026-02-27,constant_log_futures,Constant log-futures noise,127-252,68,89.78142467940653,63.36544898844942,11.442289185252944,41.680305533942665,28.235641482867187,-4.0274586935703045,1.058973501013726,16.338942003314727
5,2026-02-27,2026-03-02,2026-08-21,constant_carry,Constant carry noise,6-10,30,933.0186341921776,742.4842363261811,-17.672040731686664,23.558650721885375,18.608456716300044,0.8421953849673022,1.017353957957507,59.85388480154906
5,2026-02-27,2026-03-02,2026-08-21,constant_carry,Constant carry noise,11-15,29,575.7066459492288,459.4535778018844,-5.010361033082821,24.36254721624932,19.669343601426746,0.49329981096647757,0.8515056004751699,59.85388480154906
5,2026-02-27,2026-03-02,2026-08-21,constant_carry,Constant carry noise,16-21,32,443.7426196265881,340.52753317221254,46.235855326172796,27.28613577234886,20.83764671167765,-2.7884322810964193,0.877989520127799,59.85388480154907
5,2026-02-27,2026-03-02,2026-08-21,constant_carry,Constant carry noise,22-42,110,292.6694905811366,223.1715536455205,-28.04469861487937,27.726742981603298,21.721698159897485,2.589944892259543,0.8802450429185114,59.85388480154911
5,2026-02-27,2026-03-02,2026-08-21,constant_carry,Constant carry noise,43-63,44,194.86742247540727,146.18871698984262,-25.443890475218403,32.51409639317492,24.40828892430756,3.387045721635621,0.9662431686591646,59.853884801549064
5,2026-02-27,2026-03-02,2026-08-21,constant_carry,Constant carry noise,64-126,123,114.11736193346337,91.6924357094402,10.176733249898481,34.05547439240641,27.224162402039276,-3.327492832637031,0.8790855013384283,59.8538848015491
5,2026-02-27,2026-03-02,2026-08-21,constant_carry,Constant carry noise,127-252,76,86.78389141076183,70.5310474297245,41.41961667430267,38.30782246412585,31.443216420761413,-17.88567193169656,0.8650398272219874,59.85388480154907
5,2026-02-27,2026-03-02,2026-08-21,two_bucket_carry,Two carry-noise buckets,6-10,30,850.2989989340895,689.5024727521853,20.066832123041667,21.54555474883158,17.475587053778508,-0.23988058761254555,1.171463871972893,362.1690590123685
5,2026-02-27,2026-03-02,2026-08-21,two_bucket_carry,Two carry-noise buckets,11-15,29,568.4494115726363,471.3743484717279,40.700166860829825,24.626549903511357,20.302187359312295,-1.2742670664993998,0.8770633362136746,362.1690590123685
5,2026-02-27,2026-03-02,2026-08-21,two_bucket_carry,Two carry-noise buckets,16-21,32,450.2481245039462,347.8066143353227,52.95007103118126,27.724393723967157,21.28929584684022,-3.1199676470891973,0.9832084431149304,38.883163762500125
5,2026-02-27,2026-03-02,2026-08-21,two_bucket_carry,Two carry-noise buckets,22-42,110,296.506505492424,230.40895188582002,0.31074028305203255,28.156929098712414,22.486099758480105,-0.17217016351025285,0.8562945394938801,38.88316376250013
5,2026-02-27,2026-03-02,2026-08-21,two_bucket_carry,Two carry-noise buckets,43-63,44,210.7171235108023,161.17266003540766,-14.272130296697751,35.41643366513368,27.020125693264763,1.8049788087466823,0.9451353391828853,38.88316376250012
5,2026-02-27,2026-03-02,2026-08-21,two_bucket_carry,Two carry-noise buckets,64-126,123,115.431187383331,91.70364372949184,-3.2986711554140915,34.08359414632352,27.13553028101588,1.063973714452943,0.852060448424482,38.88316376250013
5,2026-02-27,2026-03-02,2026-08-21,two_bucket_carry,Two carry-noise buckets,127-252,76,75.83115400973966,59.49444364580906,20.49332367904921,33.574314377713456,26.629194850757813,-8.981657082491534,0.7889937013698988,38.88316376250013
5,2026-02-27,2026-03-02,2026-08-21,constant_log_futures,Constant log-futures noise,6-10,30,845.9670581715876,667.9373597623071,-12.740090188563062,21.455161737376475,16.866671041450537,0.7083129635484511,1.2389309264659325,302.70835053200454
5,2026-02-27,2026-03-02,2026-08-21,constant_log_futures,Constant log-futures noise,11-15,29,557.0490163290966,453.3449820175199,40.600762323937786,23.944424094402017,19.489520646370035,-1.3967222530186048,1.0030860995997937,183.4105545318174
5,2026-02-27,2026-03-02,2026-08-21,constant_log_futures,Constant log-futures noise,16-21,32,448.8942597396363,352.5135717361265,41.62791562330846,27.753426466969472,21.548023043828692,-2.5151713472391464,0.9605846406588608,126.97640751042556
5,2026-02-27,2026-03-02,2026-08-21,constant_log_futures,Constant log-futures noise,22-42,110,300.56764626706297,234.18893115289197,3.378890318464735,28.458910152645114,22.731623318472693,-0.5334270660806065,0.8517631357716503,78.22182499164889
5,2026-02-27,2026-03-02,2026-08-21,constant_log_futures,Constant log-futures noise,43-63,44,207.57175824433656,160.55756229396337,-11.509999072808899,34.808564206924416,26.80046063476084,1.6901167812311129,0.9225323258374943,45.26345074622824
5,2026-02-27,2026-03-02,2026-08-21,constant_log_futures,Constant log-futures noise,64-126,123,112.16688158951301,87.26923564874285,-3.7589465863053895,32.34906509636478,25.46508585662806,1.1961389315951,0.8411047160085712,25.52820828882847
5,2026-02-27,2026-03-02,2026-08-21,constant_log_futures,Constant log-futures noise,127-252,76,71.1274644906686,56.18473585884949,10.553262072486456,31.29074249372546,25.026732449725998,-4.672592914894614,0.81314211731068,16.272386238922614
