date,standardized_curve_innovation,standardized_return_residual,rolling_correlation
2022-07-25,-0.00434569389203851,-0.7559692839909976,
2022-07-26,-0.6210608105875227,0.7098012396409294,
2022-07-27,0.003797128465985622,0.6297626295352233,
2022-07-28,0.0070729639385061355,0.4347351035034994,
2022-07-29,0.11831195159285839,-0.2990177677283976,
2022-08-01,0.6358025199178621,0.5388796716943451,
2022-08-02,-0.8532224308208366,-1.9684722111221113,
2022-08-03,0.869174879833865,-0.39167980293767696,
2022-08-04,1.4164764051188563,0.38698783785619256,
2022-08-05,-1.699256357980822,1.1745677398389323,
2022-08-08,1.22642073581917,0.740775402488508,
2022-08-09,0.387722225078868,0.2802795897077113,
2022-08-10,-0.016561425877806967,0.05733819338272715,
2022-08-11,-1.3573331291973867,0.7288290406891553,
2022-08-12,0.1845045116794135,-0.573637472319255,
2022-08-15,0.355164894896085,0.46320392409675604,
2022-08-16,0.10626976309384904,0.3487508081338567,
2022-08-17,-0.12765889195076935,0.031147931960964152,
2022-08-18,-0.20054687652783856,0.18618357376110223,
2022-08-19,0.38115740186610764,-1.0162375608359375,
2022-08-22,0.38848122201427265,0.45808158750349726,-0.044914593784202116
2022-08-23,0.14098557631876607,0.14706310331314515,-0.0445713191311114
2022-08-24,0.6623812718533035,-2.3236727985683445,-0.13805192343156147
2022-08-25,0.377054836452288,-0.1951870821232887,-0.14137146740511283
2022-08-26,-0.020278378892807078,-0.3061100242440773,-0.13843050914659222
2022-08-29,0.19483609559785248,0.3828753651584077,-0.13488596016374002
2022-08-30,-0.8913182109011469,-0.3786741218234777,-0.1044516790232678
2022-08-31,0.2642232884418313,-2.0552199208380206,-0.11834209744426097
2022-09-01,0.03665166261685762,-0.30677613149897787,-0.11779272071685552
2022-09-02,0.6276892573180431,0.5569369045341801,-0.09364720367226699
2022-09-05,0.01239903365991691,0.14622905700842803,-0.0944922613053476
2022-09-06,-0.11380909639143508,1.1880858435372414,-0.10521045280813549
2022-09-07,0.24104108237475003,0.41139227860008604,-0.10059295799465397
2022-09-08,-1.0051442727973694,-0.5734349694082084,-0.06320562186817812
2022-09-09,-0.6680724651324765,0.15682962300992512,-0.06930319002529707
2022-09-13,0.35230705331713463,-0.09095051807775702,-0.070126254721338
2022-09-14,0.10450023507974014,-0.6785441026948262,-0.07171969066917731
2022-09-15,1.1756760104935842,-1.9548435023937494,-0.16560311097258423
2022-09-16,0.2569762354420184,-1.29600476721866,-0.17149926741369423
2022-09-19,0.374387467046642,-0.7656691231532581,-0.17847689431729513
2022-09-20,0.05698563850610435,0.8280920482376232,-0.1768179621712619
2022-09-21,-0.48398660785525016,0.013453887997138219,-0.17842237870323946
2022-09-22,-0.5433304314952713,0.0816895303685729,-0.18167229833504886
2022-09-23,-0.3924852589658571,-1.194763839969923,-0.15661919665210428
2022-09-26,-0.32978091439291907,-0.7912494956500358,-0.14461499770028374
2022-09-27,-0.4597682841184296,1.2355945236686345,-0.1675185021114361
2022-09-28,-0.2159310469463866,-1.9838411631820732,-0.14189521011311712
2022-09-29,-0.28467696274906273,0.1567167974415083,-0.14508081992900898
2022-09-30,1.1460817807756163,-1.0792428119426516,-0.17719529290499092
2022-10-10,-0.17463140678027375,-1.4579548694761209,-0.16348412277583754
2022-10-11,0.9138429754324376,0.3310454669906001,-0.14322068973983468
2022-10-12,0.1942547976647651,1.7894711271641142,-0.12705298817270175
2022-10-13,-0.47951024184946733,0.5994610002391015,-0.1386445989032184
2022-10-14,-0.3420276599137751,1.5136640037210494,-0.1545519421550206
2022-10-17,0.9827715360432903,0.6239382701587689,-0.1287541648396306
2022-10-18,0.08870197586961698,0.3458164510749091,-0.1280019052980431
2022-10-19,-0.14474110569999313,-0.4573963426300646,-0.12539501570303296
2022-10-20,0.515400656954844,-0.30941524512027874,-0.12784782396076674
2022-10-21,-0.02824388979527741,0.028116285172459933,-0.128136257799246
2022-10-24,-0.7792292183182846,-0.5248891106361796,-0.11485322320955192
2022-10-25,-0.11330780156309034,-0.23877857222218746,-0.1141092953988508
2022-10-26,-0.49782020465706656,1.3003747123920162,-0.13355505376741125
2022-10-27,-0.07770443563625559,-0.32497381409408016,-0.13264645321721738
2022-10-28,0.7108945915802531,-2.219364370386889,-0.16815925750426147
2022-10-31,0.1024083517356174,0.5008436193211974,-0.15342877331905364
2022-11-01,-0.9217898491465442,1.4188904863638523,-0.18825577166994475
2022-11-02,0.7706986263047914,0.7675867946758351,-0.16753096686422006
2022-11-03,0.6870984408431753,0.3661781553054299,-0.15769799174838797
2022-11-04,-1.2048708231848066,1.3156070751394981,-0.2070137489801043
2022-11-07,1.363557221600513,-0.019405200278704925,-0.2549228412342589
2022-11-08,-0.3867515606264632,-0.20625200702090607,-0.24768230809680233
2022-11-09,0.4036836409873071,-0.21822488269111423,-0.2753678674264185
2022-11-10,-0.6837852703761933,-0.7158389625544996,-0.21586264344934675
2022-11-11,0.31008790588746415,0.33399811765758874,-0.25072610172977594
2022-11-14,0.05192648958682072,-0.449529870453126,-0.2559339644889761
2022-11-15,-0.35736950087056546,1.3996819165745993,-0.2667609751738218
2022-11-16,-0.04930617930635205,-0.5026424804504753,-0.24462073672208753
2022-11-17,-0.45969716519848075,0.08554297358212332,-0.2440074859788402
2022-11-18,-0.22938479311445126,-0.5585508977717811,-0.2464870570285778
2022-11-21,-0.45973311573490194,0.2565310486790509,-0.25185225852512594
2022-11-22,0.5018838240318785,-1.0357024971350834,-0.2619495464577442
2022-11-23,-0.3571920944913985,-0.16931313594536643,-0.2588006627112009
2022-11-24,0.21632547375928562,0.1515210282843627,-0.24922311180243417
2022-11-25,-0.43960458366814836,-0.7329450444147906,-0.24668469266041898
2022-11-28,-0.5323308607230516,-0.2119601259732807,-0.24490542443114727
2022-11-29,-0.26848311605059555,0.9371418817569495,-0.21616566962176623
2022-11-30,0.3206033319201048,-0.07435065918513999,-0.21485152827969384
2022-12-01,-0.4750802690315068,0.6134584691304071,-0.22275087552081346
2022-12-02,-0.050104060467367484,0.17128580627689566,-0.22680580007723553
2022-12-05,0.4427766719817501,0.2806053534976201,-0.23412035610636286
2022-12-06,-0.19384763123690063,-0.1252975259653796,-0.22447856810945183
2022-12-07,0.13281601537090582,-0.010013588904900636,-0.22395566230244524
2022-12-08,-0.5106016310051166,-0.42256156838283576,-0.23220641246569002
2022-12-09,0.18376546957804385,0.13855413807179087,-0.23090924470082344
2022-12-12,-0.09591585330882002,-0.2579549133540003,-0.230778754517188
2022-12-13,-0.302785874178808,-0.6121274509310168,-0.23016223380712938
2022-12-14,0.39890238050636945,-0.2558491332470901,-0.2565564984266031
2022-12-15,0.009675046725920558,0.23715423606796557,-0.2540227945101858
2022-12-16,-1.0650704837236271,-0.7670132737254005,-0.21961791060260683
2022-12-19,-0.523267191073021,-1.2853114120166067,-0.19219941984582245
2022-12-20,0.2740831998993112,-0.5306650600359546,-0.12639526418671368
2022-12-21,-0.21448654784247667,-0.5609799512302613,-0.11057629330986034
2022-12-22,-0.38975861786320776,-1.067741277726469,-0.08561598018761198
2022-12-23,0.35468998228469384,-0.313179739979016,-0.09450697640791125
2022-12-26,-0.23185192766785429,1.113073050180729,-0.09941394120478574
2022-12-27,-0.05652459077792689,0.4545346744892567,-0.09721997775781703
2022-12-28,-0.6026969964123583,-0.6089372603714742,-0.10077957752998423
2022-12-29,0.4320612238180057,-0.11631438587220336,-0.11043642841959703
2022-12-30,0.15991364177004433,0.15571775209295577,-0.09067000461789218
2023-01-03,0.5212959693175377,1.3593170224401752,-0.07575863646902213
2023-01-04,0.21037297740104188,-0.053251243527291575,-0.07473613312066728
2023-01-05,-0.3303452644590822,0.5955508744753099,-0.03151268628590627
2023-01-06,-0.028997013883525415,0.11057914977922464,-0.04114128489521862
2023-01-09,1.0114048521113466,0.3060409092159546,-0.04085484686658419
2023-01-10,-0.3888401200947513,0.02679242907693863,-0.061601076418794525
2023-01-11,-0.6948839371054447,-0.5324809561667541,-0.03396471136484805
2023-01-12,0.12205876354890423,-0.008468133394846396,-0.014475984310690047
2023-01-13,-0.7101355455259798,0.2359231495395635,-0.055416997565776234
2023-01-16,0.29071388641715185,0.6644979743425882,-0.04583141955868408
2023-01-17,-0.3699294325108931,0.015610288998645276,-0.047865613017099316
2023-01-18,-0.5884641639372382,0.10356926577123249,-0.042138323498382896
2023-01-19,-0.6235712959146221,0.5413487009455482,-0.055238748714736975
2023-01-20,0.04244855943942193,0.5044481315469019,-0.07063444124738945
2023-01-30,0.6935122523726156,0.39640170515761103,-0.05603083138683325
2023-01-31,-0.48984433536113003,0.1279906043138204,-0.0334823921586267
2023-02-01,0.07902798057228605,0.9661091589790766,-0.026213402648586803
2023-02-02,0.10988270516670479,0.10585588035076463,0.06768321077055746
2023-02-03,-0.047548338412608734,-0.10862409583133356,0.06329374321556455
2023-02-06,-0.47027262676927195,-0.3361311213455734,0.14257503487765524
2023-02-07,0.4208198741989639,0.26084676348777125,0.11627673474527689
2023-02-08,-0.16287172784272907,-0.44611491092203187,0.1042212724231515
2023-02-09,-1.902574561702235,1.072528834487573,0.0714331450768002
2023-02-10,0.6318716263939732,-0.26845224373221915,0.06520598552269853
2023-02-13,0.4465525024156285,0.6428490689505161,0.08154913823283902
2023-02-14,-0.2318334545289991,0.053517872497931086,0.08941011917688271
2023-02-15,0.03571850132355368,-0.009050448311260595,0.06513107118330387
2023-02-16,-0.5858456412599127,-1.2591201169743893,0.09070434658792956
2023-02-17,-0.23831279307769881,-0.5418067121416164,0.09900195460625952
2023-02-20,0.32203131729384143,0.7925010739531431,0.14335520210455002
2023-02-21,0.316824367084065,0.2594038203485079,0.15157726439053804
2023-02-22,-0.6724578174270001,0.061999702751755315,0.15033393823788002
2023-02-23,-0.40893689910861164,-0.3009852291998582,0.15231786250127344
2023-02-24,-0.29298185283453826,-0.21945591346217372,0.16062738607129126
2023-02-27,-0.1229068251488845,-0.4809384970773457,0.20719017319906644
2023-02-28,0.004807855115864193,0.5278735184818525,0.20729810293551612
2023-03-01,0.029568229145738756,0.3998496920835155,0.20804885195993603
2023-03-02,-0.47058797483162385,-0.29147892277567716,0.20218942958363018
2023-03-03,0.3307765348376632,-0.06390957705282883,0.19296301780098268
2023-03-06,0.43870249730387467,0.24588328226316547,0.21268554149820623
2023-03-07,-1.450822823236071,-1.2782961072622157,0.2954662531310471
2023-03-08,0.31436562241862515,0.3063049682412769,0.317540260129802
2023-03-09,-0.3498155091855213,0.0008278163015132391,0.31663452117139734
2023-03-10,-0.710555840020518,-0.8768757999394023,0.3307235744534823
2023-03-13,-0.08412599551818441,0.2904559878216203,0.33044466777824777
2023-03-14,-0.17713636602879124,-0.6012818633094711,0.3297305627171756
2023-03-15,-0.005769994159686348,0.28285073084214696,0.32502541025380194
2023-03-16,-0.3895634966289949,-1.078361152903127,0.3292375845918641
2023-03-17,-0.11105260990882325,0.4021462429296711,0.32930586699207604
2023-03-20,-0.2586791905134495,-0.17079040152449948,0.32752761447378365
2023-03-21,0.3660171156740699,0.7760066733108915,0.3526421040714085
2023-03-22,-0.04628585183803818,0.2542017449642844,0.3520852423084223
2023-03-23,0.13279161615938875,0.23096650884100103,0.3278284633257363
2023-03-24,-0.22712198250488597,-0.03379754150941227,0.3121331105263523
2023-03-27,0.3178320025108565,0.14177020301590776,0.3304567233877257
2023-03-28,-0.871845079839607,-0.5799304194263067,0.3488338157328437
2023-03-29,-0.1291899864130735,-0.20934036163389147,0.34276442012416103
2023-03-30,-0.4620687901557704,-0.022265415859116424,0.3585869606407337
2023-03-31,0.448420065391103,0.5806486070051912,0.38943119151584776
2023-04-03,0.6343243002624684,0.7468003577488095,0.40898656990423504
2023-04-04,-0.6530009562485318,-0.09983514244318699,0.39851828015592
2023-04-06,0.6564326038347733,0.2364815159283576,0.40895437743770485
2023-04-07,-0.25332077338083886,0.5171706240089079,0.40223435025874565
2023-04-10,-0.9923543827450193,-0.6809432337515987,0.400438892265535
2023-04-11,0.5070469753465675,0.10696962733978214,0.40144816809215833
2023-04-12,0.25823185132805504,0.3074983499825917,0.41625948033369287
2023-04-13,-1.0296807882620518,-0.4972876792859122,0.4319702086563589
2023-04-14,0.33320401498582264,0.44764729120291213,0.43793572055388025
2023-04-17,-0.3594452206699062,-0.0861965001683664,0.43934808327499947
2023-04-18,0.22509564470607799,-0.16441785948366838,0.4208114251916801
2023-04-19,-0.18574996581834835,-0.29953059702022905,0.4220021599671513
2023-04-20,-0.1942222627861654,-0.0322885327116218,0.43431597844209674
2023-04-21,-0.9672852569124579,-1.7484258761096974,0.46316155051156266
2023-04-24,-0.35653765068638865,-0.4762453515471228,0.46630902868281204
2023-04-25,-0.8268041101414549,-1.1760086178586346,0.49289578740516593
2023-04-26,-0.20078315963606574,0.15875040367680607,0.51461755135696
2023-04-27,-0.5909082033014159,0.04634042078641718,0.5079836067823422
2023-04-28,-0.3233529408127166,0.7950759366654613,0.4838481597177255
2023-05-04,0.4898535917792205,0.0527558825531158,0.4854914909261252
2023-05-05,-0.47386283613159574,-0.7795030790498712,0.4901893674561557
2023-05-08,0.05353718181945577,0.42576722541766193,0.49140418633165506
2023-05-09,-1.1257913019907815,-0.8741123033047696,0.5124924395464484
2023-05-10,-0.1983557140851977,0.11381378754056115,0.5098917508099888
2023-05-11,-0.21699088996788762,-0.07548612645042281,0.5059216405331494
2023-05-12,-1.0280421548120344,-0.8471225245201438,0.5250955377764214
2023-05-15,-0.2685329476505616,0.4420563215348344,0.7082796917795015
2023-05-16,-0.7377389782797215,-0.6933343099792797,0.740441642126975
2023-05-17,-0.11037210078159025,0.3366084984588959,0.7313885571502718
2023-05-18,-0.5098876094840968,0.2479397856977946,0.7210275716780594
2023-05-19,-0.9970672261211315,0.15148823435497366,0.6934977187614294
2023-05-22,-0.35628340374620077,-0.09312869528107287,0.6961348486537718
2023-05-23,-0.46403237391852425,-0.674639578507668,0.7005865763105741
2023-05-24,-0.4423719052166375,-0.17782659394579362,0.6923625099887513
2023-05-25,-0.22060240244428625,-0.14791548832302256,0.6897414617271852
2023-05-26,-0.7306289868399212,0.4089965096015812,0.6724630526108659
2023-05-29,-0.5393688332788605,-0.1486120812709842,0.6707532471002674
2023-05-30,-0.4501196289860646,0.25671305106695264,0.663273115921172
2023-05-31,-0.15241526637025293,-0.06000252370120864,0.6701136945175178
2023-06-01,-0.665064078097538,0.09704457159758025,0.6592406710474188
2023-06-02,-0.1868456563632731,0.45665493723851414,0.6535716409060063
2023-06-05,-0.16728981003333127,0.037178857775191795,0.6528682432089854
2023-06-06,-0.5437441929258924,-1.3812348084701123,0.6510282026845278
2023-06-07,-0.6759629996188763,-0.02768533060149871,0.6444960307104461
2023-06-08,-1.1772307138776208,-0.46131507008003986,0.611262140867354
2023-06-09,-0.46972059575374914,0.4844871037115229,0.5936010702569003
2023-06-12,-0.23206263852275258,0.30192212442518424,0.5933129710589242
2023-06-13,-0.34758521442501134,0.2092648199895064,0.5832299233817531
2023-06-14,-0.309564300677846,0.19338591958040177,0.5798183504721092
2023-06-15,-0.5158292833016387,0.31360809563936487,0.5810845331987766
2023-06-16,-0.19461841002462368,0.48973529770919394,0.5771534810439222
2023-06-19,0.03027042135745675,0.2025414431285731,0.5922496403858011
2023-06-20,-0.31724957447014446,-0.013280861725095133,0.5905462673202121
2023-06-21,-0.8347187033175232,-1.3920041945103752,0.6019689920681117
2023-06-26,-1.2557731083952628,-1.2546829273313551,0.6153282291204979
2023-06-27,0.7877269643559744,0.7912900367376162,0.6329170660973128
2023-06-28,-0.6818869261118656,-0.330765266226874,0.632065645935371
2023-06-29,0.21673051255776785,0.3970749971364602,0.6375562668448468
2023-06-30,-0.2906789484680668,0.7585576831520328,0.6307096117682816
2023-07-03,-0.23336570289857245,0.08093684336059917,0.6250256084231874
2023-07-04,-0.3657654869577012,0.22165723620610533,0.6266010381742425
2023-07-05,-0.5509791972213793,-0.5302950580257861,0.6288585392037267
2023-07-06,0.159810152357743,-0.18803361815572223,0.6083174501343896
2023-07-07,-1.1620713953315156,-0.44928707642759225,0.5911068595710616
2023-07-10,-0.3572786880116863,0.02477147451248625,0.5927304896740422
2023-07-11,-0.18652360073668772,0.4720923123843773,0.5999510011531407
2023-07-12,-0.7402171636790409,-0.9485540892785406,0.6066235444510355
2023-07-13,-0.2786680828426724,0.5922271447657942,0.5950256101409852
2023-07-14,-0.18663432820770254,-0.07173159994941802,0.6047715965616
2023-07-17,-0.19078912433304582,-0.3004714517312777,0.5963750028287688
2023-07-18,-0.4683619629291081,-0.09461582998207677,0.5924934359409045
2023-07-19,-0.3133888693498176,-0.20522078813841305,0.5829589436102848
2023-07-20,-0.5327491529274236,-0.8453230068240186,0.5817133967877508
2023-07-21,-0.5094301183005494,-0.11118428866000828,0.5967410821368445
2023-07-24,-0.45955327799970996,-0.11757835057935899,0.6021931296172763
2023-07-25,-0.4687789278642857,0.970443012595564,0.5813448445335573
2023-07-26,-0.8793141922230234,-0.4368572895131765,0.5651108184543959
2023-07-27,-0.6508609871012998,-0.5302041683529218,0.5732081675514729
2023-07-28,-0.30058129457869487,0.5117696414821412,0.5613039630360388
2023-07-31,-0.4249433372754291,0.4396922132870417,0.5556035557987412
2023-08-01,-0.3672338490076776,-0.1261562502805435,0.5576399135924439
2023-08-02,-0.4993750318506148,-0.15088450038429538,0.5635726619129725
2023-08-03,-0.4353989089686585,-0.0058076928987892676,0.5846295980088175
2023-08-04,-0.7122114511113224,0.30646239308338263,0.5769109666522363
2023-08-07,-1.133240936635507,-0.3385050376408922,0.5672778545367303
2023-08-08,-0.7641750271823011,-0.36269689804759003,0.5489784542070144
2023-08-09,-0.7069063180270103,-0.5403244173741318,0.5527326177751405
2023-08-10,0.04532481754762652,0.0029756606615618047,0.5488735450564287
2023-08-11,-1.3047252652080656,-1.2375406985128314,0.5703663763026053
2023-08-14,-0.7593388700127974,0.09825393775121032,0.559625818834193
2023-08-15,-0.787193845462776,-0.6224038961423984,0.5607319854810963
2023-08-16,-0.8602914461342533,-0.8068922530287098,0.5653476134641026
2023-08-17,-0.5582700365413608,0.5616282952534973,0.5564052052480131
2023-08-18,-0.8091290576543555,-1.370011617962934,0.5832146234263555
2023-08-21,-0.18584428537071512,-0.6667936396743604,0.562752430703212
2023-08-22,-0.18578173836501014,0.388113561127797,0.5728175267044477
2023-08-23,-1.046746511063544,-1.335102639961929,0.5943428552966509
2023-08-24,-0.27152848613188274,0.10644873178594022,0.5985932714594522
2023-08-25,-1.0996924485943338,-1.1837151552017633,0.6338911077681255
2023-08-28,0.11940098225064816,0.4121609029438029,0.6405531358308796
2023-08-29,-0.7532922772964362,1.9058308433049147,0.5482832727834313
2023-08-30,-0.5954543292580567,0.2803594269291003,0.5457962308363314
2023-08-31,-1.2353046655972557,-0.3937036184960113,0.5462879245518368
2023-09-01,-0.2102548497809739,-0.014765983256668157,0.540587932002344
2023-09-04,-0.6641336728931522,0.8923189536759367,0.5190759635869308
2023-09-05,-0.35078373830178533,-0.35314286283157514,0.528949997757325
2023-09-06,-0.11602497006806312,0.2466044909901239,0.5335398844865291
2023-09-07,-1.1310929802367948,-1.1604662360549631,0.5520176667147734
2023-09-08,-0.5891430574013369,0.1659949362831305,0.5522215609554579
2023-09-11,-0.6458166386069584,0.7859729629941675,0.5319468624300914
2023-09-12,-0.754310173104526,-0.010706898774518745,0.5274578596205679
2023-09-13,-0.47862047319456885,-0.8617761202791754,0.5185672776489816
2023-09-14,-0.7571977243914092,-0.38502826007631347,0.5223653585518131
2023-09-15,-0.4014821865154569,0.07049454496790127,0.5171537223386963
2023-09-18,-0.6378411657071775,0.015742086979866062,0.5131640802182982
2023-09-19,-0.7166725015880716,-0.5854077891206542,0.5153598774045418
2023-09-20,-0.3803664314725863,-0.5494383127410194,0.5022191622924363
2023-09-21,-0.27716841939379416,-0.49408431768600786,0.46361034805500795
2023-09-22,-0.6664011447511677,1.1582183750527035,0.40319554729387613
2023-09-25,-0.152502136925228,-0.3321986175871153,0.390838542640151
2023-09-26,-0.6337456500365171,-0.36843744152630303,0.38014165306966513
2023-09-27,-0.4777224850559168,0.3463804418939518,0.3709261597237885
2023-09-28,0.5845165950164095,0.41182948471991626,0.379790427724526
2023-10-09,-0.23520711092163887,-0.2307029251377754,0.37281328209732584
2023-10-10,-0.1870368304003609,-0.20232638156660743,0.368657929704564
2023-10-11,0.060214327517170374,0.1369228432291534,0.38566724179126444
2023-10-12,-0.7993351849408135,0.4462173587955008,0.3644255395543433
2023-10-13,-1.312877266904601,-0.25244004378256335,0.35724006612549647
2023-10-16,-0.12386827640363492,-0.6289938607900376,0.32702936847629316
2023-10-17,-0.4430783290803417,-0.16584484380883313,0.3193369268523955
2023-10-18,-0.2734824313728427,-1.1157926858492142,0.28501139818565585
2023-10-19,-0.5113833461083989,-0.7223923551291385,0.282591140371225
2023-10-20,-0.423727167645328,-0.7699557298865197,0.28114272860241446
2023-10-23,0.15775642708886162,-1.5248101563280465,0.1992478086071603
2023-10-24,-0.2577048080801187,0.8738486872098027,0.21393338703093964
2023-10-25,-0.5952972823603186,0.6347614092968048,0.2090913607575412
2023-10-26,-0.7589024744681412,0.3406731780482533,0.20012225710061135
2023-10-27,-1.2503620891801368,1.1019773265891284,0.13408609887288364
2023-10-30,0.11674100409453209,0.9117863321146276,0.16791285366581452
2023-10-31,-0.7714235758881645,-0.40497701535369424,0.16594304058684586
2023-11-01,-0.6755697599168083,-0.13314058648831245,0.16344664908959805
2023-11-02,-1.1181042636705383,-0.7909897576900077,0.17554945056774215
2023-11-03,-0.3579194372222551,0.8975583924570836,0.1805055206776903
2023-11-06,-0.6969961134439572,1.2536273755719465,0.1631510544519173
2023-11-07,-0.2318237974071446,0.18095544925366097,0.16731454126573223
2023-11-08,-0.11300245402968617,0.20931075767132012,0.17248079705795938
2023-11-09,-0.6834189233008409,-0.393488358240941,0.17929481084650306
2023-11-10,-1.685897892363539,-0.12167235933551088,0.1648120913464766
2023-11-13,-0.43792884666881654,0.5567558700919051,0.16465804117031455
2023-11-14,-0.23296451317036962,0.3639137703311518,0.1672350579633841
2023-11-15,-0.4880676165184216,0.24510215999085574,0.1682389655587814
2023-11-16,-0.29261783229539945,-0.6383933130333208,0.1154777701395973
2023-11-17,-0.5453296472514654,0.5404740638013504,0.11650338068863551
2023-11-20,-0.4208997497667824,0.5322203992319073,0.11115850971926429
2023-11-21,-0.03127574079794354,-0.4258372545879422,0.0846353300299047
2023-11-22,-0.6126343897529758,-0.8092222462954373,0.09099207706921146
2023-11-23,-0.8787020099199019,0.6419233222999318,0.05413280752163735
2023-11-24,0.10135165434937723,-0.8556817895102891,0.035843378519858575
2023-11-27,-0.23904607809759928,-0.05526251963327903,0.02801629817533637
2023-11-28,0.2877457306911505,0.31258532251010634,0.00011311716521325776
2023-11-29,-0.4467516147970836,-0.3067061800434014,-0.001854482444066206
2023-11-30,0.01417854865712187,-0.3390703338263564,-0.05684180668985451
2023-12-01,-0.41162175832749603,0.5104544513338587,-0.07056525118336551
2023-12-04,0.5612304088907495,-0.1574473644949146,-0.0471360542138238
2023-12-05,-0.8202936930452157,-1.2358215963079617,-0.016072742639125292
2023-12-06,-0.4890997357318973,0.3358341885399166,-0.03479996314981124
2023-12-07,-1.4125264980361094,-0.02554841447443909,-0.034371615429466255
2023-12-08,-0.4106877592009326,-0.20047425583514916,-0.023853531337938386
2023-12-11,0.03143854736054678,0.7223788195079219,0.0011927512765270707
2023-12-12,-0.18033902557374967,0.02038318232112119,-0.0036612683788638752
2023-12-13,0.06171722092548041,-0.634786956002543,-0.070715483241967
2023-12-14,-0.11815213735365447,-0.3063474406423182,-0.07373881805876642
2023-12-15,0.23698105479997136,-0.4395482088320032,-0.07766788404599737
2023-12-18,-0.6350455894567707,-1.012530080557997,-0.06250548994991517
2023-12-19,-0.19640155056392888,0.04946689724463857,-0.06503948483674693
2023-12-20,-0.4286697072808525,-1.1200198001971249,-0.06928870084087056
2023-12-21,0.32407506261945707,0.38047967590359977,-0.04836872790096113
2023-12-22,-0.586150337265971,-0.722719740454524,-0.03930026430312276
2023-12-25,0.23090368981324572,-0.006590560297298022,-0.046591731438141534
2023-12-26,-0.13202441469077958,-0.9447482315968885,-0.058239557532576806
2023-12-27,0.23510932643740512,0.4685325699741352,-0.036889582625073365
2023-12-28,-0.7991660884150815,1.170816447474194,-0.04611938072027793
2023-12-29,-0.4759248473032279,0.843316146816957,-0.04752994861374522
2024-01-02,0.9710650218588189,-0.38278580080333297,-0.07293593101300042
2024-01-03,-0.16669886764712089,-0.34674683611377116,-0.07296444026605177
2024-01-04,0.04714045626391719,-0.4602545955686862,-0.10675699002949443
2024-01-05,-0.1757101223088196,-1.1843562238696348,-0.1133310585001918
2024-01-08,2.7714050893460342,-1.4894020218046544,-0.25086387800088156
2024-01-09,-1.0041962097268797,0.14487601255317595,-0.25899128485833534
2024-01-10,-0.8892679938104469,-0.4421978532357652,-0.24176512842775752
2024-01-11,-1.0291662856131885,1.1249225831020253,-0.27690585815581176
2024-01-12,0.09714697155101926,-0.41070316598087164,-0.2780851593663723
2024-01-15,0.3744745399686757,-0.16758784029247167,-0.2778345395759661
2024-01-16,0.24201721550924002,-0.21323181795515123,-0.2830015525783528
2024-01-17,2.3180014135973988,-1.7010101658846204,-0.3821549042582602
2024-01-18,-1.0556330185831202,-0.12053498657721948,-0.38420230955800716
2024-01-19,-0.7760782050411329,-0.7279443739983683,-0.3632752734029064
2024-01-22,2.6195487195579816,-3.6694273615970894,-0.5272046174236399
2024-01-23,-2.6489588063005605,1.0744026529333066,-0.5489179838611173
2024-01-24,-1.7837080234518716,0.8339339917062524,-0.559877889180435
2024-01-25,-2.249843908956753,2.090595028748659,-0.5888364878659883
2024-01-26,1.8375322786645099,-0.5623129220579633,-0.5976626977452538
2024-01-29,0.9312491501224048,-1.6394743188612124,-0.6149829279385933
2024-01-30,0.6677984874401497,-1.7583864261926916,-0.6224796311964553
2024-01-31,-1.1208797695306163,-2.47482040864453,-0.5662627089976544
2024-02-01,-0.7503992672214184,-0.38296150258508826,-0.5668592925428708
2024-02-02,-0.6039700423115028,-2.2858015684447532,-0.5305911714335187
2024-02-05,2.2538891820339826,-3.905776714863687,-0.5900194360317574
2024-02-06,-4.388965928593989,4.302886968268593,-0.6853807598069519
2024-02-07,-1.5401427196120263,2.732805288887611,-0.6911786967590813
2024-02-08,0.13165688803854447,2.4637577448046444,-0.6626829652204207
2024-02-19,2.2081475719308616,0.4282858588196991,-0.6225745437152418
2024-02-20,-0.4094857228734331,0.22014515953745553,-0.6235365170873366
2024-02-21,0.46279916146913286,0.34994926924824643,-0.6168902695208015
2024-02-22,-1.547391222404498,0.9756044866368944,-0.6239808559245822
2024-02-23,-0.820325189469253,0.8874344135106265,-0.6254864631764543
2024-02-26,1.190916640135143,0.3329031513061035,-0.6109817380723639
2024-02-27,-1.10512487560854,1.627055247777747,-0.6155907683146334
2024-02-28,1.1194121645167874,-2.8879652214721316,-0.6288677566385652
2024-02-29,-0.8913243296811711,2.2934878506583556,-0.6262235811715753
2024-03-01,-0.06339715351441158,0.6502763276657577,-0.6236242600081235
2024-03-04,1.7539041046858448,0.28595361429272204,-0.6041550560515698
2024-03-05,1.0014174331000492,-0.5982711277225161,-0.6072473147752179
2024-03-06,-1.60313507655102,0.11943163902043481,-0.6045837319250175
2024-03-07,-0.8422532057879273,-0.8892995479597806,-0.596734799232834
2024-03-08,-0.6261566338740203,0.801114155337649,-0.5976330823454431
2024-03-11,-0.3151332702370096,1.1145718542466767,-0.596877154989259
2024-03-12,-0.015167601175743098,0.33577668530306637,-0.6070327401466884
2024-03-13,0.055906354186072295,0.28366307979653926,-0.6053798524661089
2024-03-14,0.16516375220532195,-0.40385327982796837,-0.610124357654787
2024-03-15,-0.6065164951460432,0.7771560503499818,-0.6119325919606838
2024-03-18,-0.44399845127772486,1.0138759794405812,-0.6146140955388265
2024-03-19,0.5633090387812263,-0.47557132990679124,-0.6152346665260584
2024-03-20,0.3081345476233245,0.5564647459008543,-0.6112146044806441
2024-03-21,0.10803112834913214,-0.021997021075280235,-0.611139801873459
2024-03-22,0.3301771996257498,-0.7035119017050311,-0.61163248387003
2024-03-25,0.04246174076054017,-1.4716224213633697,-0.6162445873333064
2024-03-26,0.6558599355029696,-0.2149498871116783,-0.6153864788190688
2024-03-27,0.3960971243196804,-2.1114717854685874,-0.6196124361465174
2024-03-28,-0.49775874786795704,1.3737953886730916,-0.6220167061302677
2024-03-29,-0.04164967115479108,0.6834976111543773,-0.6251932297580421
2024-04-01,-0.4053227505671505,1.337364986644085,-0.6246377030386171
2024-04-02,0.3520172402140483,-0.3247634972682722,-0.6273616938501834
2024-04-03,0.3848020210811534,-0.3449113626449087,-0.6300143001271307
2024-04-08,1.496909929789569,-1.1559377186113238,-0.6319478925994764
2024-04-09,-0.5198993331266084,0.8226228744685258,-0.6321735743653377
2024-04-10,0.17939016438988284,-1.1522079271307215,-0.6321646281262957
2024-04-11,-0.42421504536823984,0.1774161833624273,-0.6328469866702892
2024-04-12,0.2655465111895742,-0.45843946253902323,-0.6332892972591146
2024-04-15,0.4542829632150878,-0.5776594008004248,-0.6383570439080866
2024-04-16,-0.17102742940680982,-2.6333805032026305,-0.6162330299588757
2024-04-17,-0.772582159884507,2.6945386552031345,-0.6157626851737997
2024-04-18,-0.13250727849449603,0.0058379208476224,-0.6211959255055072
2024-04-19,0.9119638652705016,-0.25294179741919676,-0.6159318353714931
2024-04-22,-0.4474096676676472,-0.19107733108989,-0.6147456875127586
2024-04-23,0.31270784017753833,-0.3105949765352144,-0.6152008959145789
2024-04-24,-1.2573590417159977,1.0626536366856754,-0.6191669634715251
2024-04-25,0.07645939148085418,0.10229897028213465,-0.6088702166076869
2024-04-26,-1.0864449716377698,1.192335469480189,-0.6171212070200486
2024-04-29,-0.9502476818362853,1.4570689461993829,-0.628172130505677
2024-04-30,0.6012142704922422,-0.5776281918418621,-0.5919399274043281
2024-05-06,0.4811639062032079,1.2058156909076365,-0.5830545060256382
2024-05-07,0.17216344385552682,0.19285601525894017,-0.582507436096306
2024-05-08,0.04714706293500816,-0.9985759298008858,-0.5630633580681254
2024-05-09,-0.4977744458404463,1.0068342602286593,-0.5684316335547804
2024-05-10,0.12207051375069582,-0.5961750291854829,-0.5603408501667922
2024-05-13,0.10786770526812829,-0.6051995062160572,-0.5548257245849779
2024-05-14,-0.020199194455156593,0.3505477979841108,-0.6081256853040831
2024-05-15,-0.29166071105726016,-0.6095627762304685,-0.6118040681644676
2024-05-16,-0.1849430414334743,-0.08946201736327071,-0.6456109974992809
2024-05-17,-1.2195339886861205,0.8455362248682537,-0.6017869814530139
2024-05-20,0.39310373214446276,0.3617443402251828,-0.4798408523326378
2024-05-21,0.10259396193729496,-0.6774088651475414,-0.43925592729277746
2024-05-22,-0.14720098493215272,0.03438654907254498,-0.46486509226055694
2024-05-23,-0.24701842401278673,-1.4443958027863582,-0.5047862783735193
2024-05-24,0.053121094863509966,-0.7258482245821447,-0.5042720780415607
2024-05-27,0.23793864143420218,0.6402889288313363,-0.5044464307410756
2024-05-28,-0.010716286013587206,-0.6423521312698621,-0.4946441104391926
2024-05-29,-0.10581094798671398,0.056834980891704086,-0.48706460253560024
2024-05-30,-0.9388128478792706,-0.17704821144273014,-0.4989698334387654
2024-05-31,-0.2191603630042276,0.2514914366093798,-0.4778695865205541
2024-06-03,0.7714848648278586,-0.8231448460487483,-0.4430701950933603
2024-06-04,-0.6378146015674022,0.366788100042987,-0.41846048372755457
2024-06-05,-0.5159002738443385,-0.8080738024389661,-0.404794652476843
2024-06-06,-0.30314419267499726,-1.3540438911249355,-0.4380059595561988
2024-06-07,0.4234218628552192,0.28258190301664426,-0.425093945323505
2024-06-11,-0.635809105220571,0.5653486330056189,-0.45069249732353833
2024-06-12,0.5751959364199258,0.2195712113135122,-0.4733890053115354
2024-06-13,-0.08263242489088782,-0.41088255289646836,-0.4640308095142982
2024-06-14,-1.5711731882527484,0.0333535405746389,-0.4357875142067639
2024-06-17,-0.07049954570367566,0.043082621506511244,-0.4370897617016341
2024-06-18,-0.37105677775280205,0.5216875638469006,-0.44219503053206
2024-06-19,0.2366296288350204,-0.812528686920961,-0.44463775609034323
2024-06-20,0.0466677082078645,-1.2685623591752386,-0.43463703408131094
2024-06-21,0.22853882079669338,-0.006074420555507473,-0.42593465039669115
2024-06-24,-0.10130432585946754,-2.0958223982819377,-0.4054334071768104
2024-06-25,-0.40906033421136667,-0.5060610934487921,-0.41138331385116017
2024-06-26,-0.2781866995298706,1.7653771934505678,-0.41061183329215756
2024-06-27,-0.08057231440960641,-1.5549021842288662,-0.3994587685080139
2024-06-28,0.7271359780765414,0.40335415360354454,-0.3800622547405353
2024-07-01,0.13924233420532506,0.5701031670914639,-0.37656660036177636
2024-07-02,-0.11415598550630002,-0.42719424621378654,-0.3610530158303961
2024-07-03,-0.2355503777639116,-0.48081625404310735,-0.34804754131036864
2024-07-04,-0.041112084330091184,-1.3570327263717084,-0.3481267901191227
2024-07-05,0.02596658392038852,0.6479394022279956,-0.3359196773590993
2024-07-08,0.1256558721403646,-1.524838957601442,-0.33818814963989463
2024-07-09,-0.02542456201982573,1.371778618256859,-0.3272454318571885
2024-07-10,-0.6241765651886677,-0.2370771231038352,-0.29497991574131527
2024-07-11,-0.5066098910451654,1.5040690216688941,-0.2989460320874605
2024-07-12,0.007738714208781389,-0.20150575588752562,-0.29199252795509617
2024-07-15,0.425204128753296,-0.6508425416330277,-0.2970011551027091
2024-07-16,0.3907928224990302,0.12361411913526638,-0.2876956158237441
2024-07-17,0.18543641735283486,-0.5207902583743069,-0.28494418761149154
2024-07-18,-0.2301570039065007,0.23352852104007843,-0.3093744028611756
2024-07-19,0.3207019730348018,0.12730332300772973,-0.2626057031197947
2024-07-22,-0.0472411230309643,0.08669738200031939,-0.2620422626274036
2024-07-23,0.4503005922516948,-1.714814227044953,-0.2899191517275966
2024-07-24,-0.1541535806417528,-0.8300995237391889,-0.2890797200559714
2024-07-25,-0.18899455454558445,0.04546759454508514,-0.28810649236031527
2024-07-26,-0.5441892948834192,0.9512556088496944,-0.2642450486276873
2024-07-29,0.5343638984015041,-0.2095274698494196,-0.2646446862217266
2024-07-30,0.12250428818363426,0.24250823775442068,-0.21880473142236764
2024-07-31,-2.429111658431405,2.4513687481675555,-0.34293605042710124
2024-08-01,1.0359185807352616,-0.16562897975760024,-0.3268330146244826
2024-08-02,0.23922098702035785,-0.891555296879802,-0.3690606806045085
2024-08-05,-0.1906597587668712,-1.7325720195106136,-0.3586073038217822
2024-08-06,0.8398376151706921,0.9305504023504128,-0.3103980104444915
2024-08-07,0.5521679709953119,-0.08391251971548544,-0.29494294327679704
2024-08-08,-1.1597093554663755,-0.03807872218069064,-0.28828064956878835
2024-08-09,1.032131807834162,-0.4975640850749296,-0.28966977948116157
2024-08-12,-0.3591455049159879,-0.3755994098028316,-0.2887592198125043
2024-08-13,0.23577061443679892,0.3121253164161678,-0.2868391674171475
2024-08-14,0.20208383041883718,-0.6425801081229185,-0.28969874244407684
2024-08-15,0.02940527334498352,0.5755596081058639,-0.26016392564386365
2024-08-16,-0.048812740726953595,-0.4786517058110475,-0.269800741263965
2024-08-19,-0.11447623937709038,0.11004390549864808,-0.26836606646374117
2024-08-20,0.17777229081225754,-1.139444047982625,-0.27224888992567337
2024-08-21,-0.4516237203657176,-0.4222935455763696,-0.28098135770162735
2024-08-22,-0.1389023874561817,-0.7865609393965098,-0.2770202496298936
2024-08-23,0.15802321268202268,0.037339782907803674,-0.28579166364158276
2024-08-26,0.2540634846626984,0.23295118151469246,-0.2803807035298014
2024-08-27,-0.050612111260617335,-0.7483866176523357,-0.2791785127648978
2024-08-28,0.23698486161530546,0.14224697664418204,-0.2812575621658393
2024-08-29,-0.10666553135126804,0.9893725673099386,-0.2781560072963416
2024-08-30,-0.21401712873284107,1.171890659465686,-0.2680323713159683
2024-09-02,0.5602137732172107,-1.3375816934568499,-0.27865893289701493
2024-09-03,0.6804556353576902,0.5387107987846703,-0.271877592814889
2024-09-04,-0.33422931382432974,-0.2937101317044671,-0.28626630542250114
2024-09-05,-0.1674782559339908,0.4876018918875738,-0.29591570728687616
2024-09-06,0.3487865515851115,-1.0889570949887188,-0.2938356928039935
2024-09-09,0.7049221931101887,-0.46051323929041477,-0.307279966824936
2024-09-10,-0.06887805369368831,0.17458671996651087,-0.30862932456904657
2024-09-11,0.09146790959530175,-0.016495671530411517,-0.32175305508032326
2024-09-12,-0.32966538337920553,-0.23328561107063137,-0.3189052257432667
2024-09-13,-0.2110075452739635,-0.779391485606095,-0.30523994093817725
2024-09-18,0.22266493907232945,-0.20084134337241738,-0.30184980816293927
2024-09-19,-0.04468503247588724,1.1701588920193913,-0.30254577476782124
2024-09-20,0.6917167047981111,-0.26688748668019846,-0.30312365102036765
2024-09-23,-0.2559856618402283,0.08989749799244011,-0.32740943277963513
2024-09-24,-1.97641639429849,2.382392978179519,-0.43728419484225023
2024-09-25,0.7247923667995947,0.5516888773300034,-0.4153745356301259
2024-09-26,-2.967782921208402,2.432045651979234,-0.5273012070953221
2024-09-27,-2.8004260941071624,3.191242770276369,-0.6259618648733604
2024-09-30,1.1840150364997375,6.468689595851669,-0.34546700299587524
2024-10-08,4.634874718748352,5.04409057075423,0.01541125150477836
2024-10-09,-0.056231620455088095,-5.031850048870719,0.015784732668640975
2024-10-10,0.8492701920740002,-0.8594248118709225,0.005881696307493183
2024-10-11,0.5745197072057362,-2.7292017748551545,-0.010339141640229753
2024-10-14,0.316793932938009,2.2212647903660474,-0.002715663250140957
2024-10-15,1.1381098874915834,-1.246916921299255,-0.017220253080030654
2024-10-16,-0.9793134312291686,0.1871741877231364,-0.02021413473438103
2024-10-17,0.3556273223467337,-0.23170053471969793,-0.013591574178173494
2024-10-18,-1.040118818864168,2.693299778641573,-0.040849271005553384
2024-10-21,-0.16691271291121698,1.1677398777865313,-0.03978223323829046
2024-10-22,-0.29868800618141667,0.27369031748883954,-0.03986519178702269
2024-10-23,-0.28447463266182893,0.12857369322986043,-0.03857151933977666
2024-10-24,-0.4605853803961344,-0.4740655526553309,-0.035267267052976774
2024-10-25,-0.9883282185730187,1.162296315813896,-0.044058017214615705
2024-10-28,0.8921503766687225,1.0609724537493124,-0.03643131649214353
2024-10-29,-0.2485223840354551,-1.0465547878872592,-0.02521136380003595
2024-10-30,0.16433506954245247,0.33993973528148413,-0.026721371864156546
2024-10-31,0.19042269305881643,0.9785866144737575,-0.025762389352052807
2024-11-01,-0.5495865390803556,-1.949243887366699,-0.009963649761826943
2024-11-04,-1.0754086015009439,1.260744852100239,-0.01817030567412215
2024-11-05,-0.2614570396179389,2.1234549213169247,-0.022198025408941793
2024-11-06,0.8038566398367665,0.21621619729766303,0.029489898260821632
2024-11-07,-0.1861372458462724,1.0557162340129507,0.03217960422151718
2024-11-08,0.5635007785816705,0.1500633325438883,0.034272382428594254
2024-11-11,1.0265846993345533,1.4726160179303611,0.041825102647395494
2024-11-12,0.044119776762309805,-0.8366289933125332,0.036605015877813174
2024-11-13,-0.23067558589907078,-0.16990369653029505,0.03982719496837251
2024-11-14,-1.0052046333601439,-1.9835801095459966,0.058502776599713764
2024-11-15,-0.4348968814188187,-1.4957300627090448,0.07374083342636346
2024-11-18,-0.14868647107674343,-1.5826294233974916,0.07355152396077459
2024-11-19,0.39449975347562455,1.5818338715131208,0.07826305133550143
2024-11-20,0.701570051951754,1.197845773624068,0.08624302484984668
2024-11-21,0.46685942827076166,0.1080817064785926,0.08530020672655352
2024-11-22,0.297403645899429,-2.3501932000504193,0.07619613607478273
2024-11-25,-0.4918954676377602,0.2359528924110979,0.07590060061582646
2024-11-26,0.23831602457637907,-0.7284020671916371,0.07619615188075232
2024-11-27,-1.1123146595676587,1.4252908030085225,0.060077092842200266
2024-11-28,0.48576997534722,-0.34310307704847,0.05582351378400741
2024-11-29,-0.46059520598245834,1.0484696958437187,0.05269788859587397
2024-12-02,0.39966548929079704,1.2358640513349417,0.05623183098726885
2024-12-03,-0.26957656998825885,-0.10220807159247842,0.05692042263289313
2024-12-04,-0.14160286384533782,-0.9849725603297875,0.058723991319222235
2024-12-05,-0.04525907943840107,0.8032777228435838,0.05922317987342301
2024-12-06,-0.4540545768493208,0.6289486176173155,0.0595439930215898
2024-12-09,0.945540367485969,-0.4703050047089428,0.06146514271223444
2024-12-10,-1.4041636879271566,0.5861329601370293,0.055659179228470586
2024-12-11,0.580753485717314,0.8131207819812482,0.05667548263264777
2024-12-12,-0.12649497574466534,0.40384365181958687,0.05682470405061637
2024-12-13,-0.1913904601650354,-1.3259980809755256,0.06421330802465634
2024-12-16,0.5311574148301276,-0.7817496303197754,0.06378889178513102
2024-12-17,-0.11414596974487694,-1.3513029037297752,0.06446808305613895
2024-12-18,0.2918728693422463,0.5149377922191072,0.06545754863295677
2024-12-19,-0.32549491345004383,0.10640370345812082,0.06456534792969475
2024-12-20,0.629695911922728,0.6311876078527394,0.0646038137113832
2024-12-23,-0.26733085549035035,-1.7777066456042887,0.06970700926611408
2024-12-24,0.12110352242238773,0.6822611799271519,0.07047364696043804
2024-12-25,-0.4780668622699032,-0.7195146456429166,0.07833209938984136
2024-12-26,0.5292689910086849,0.6518079123681927,0.0796081231679388
2024-12-27,0.08071511727885072,0.10164227135742361,0.12228823560444628
2024-12-30,-0.4062458897870517,-0.27017897988632333,0.12251850440368581
2024-12-31,0.8064457772421704,-1.9610948699374695,0.18252882384547622
2025-01-02,-0.29137013891915026,-1.7113577095458674,0.30935933275297717
2025-01-03,-0.7734776130714612,-1.8894513043843524,0.27876486772432746
2025-01-06,0.6066748226284757,-0.21502111734171792,-0.04343517896066203
2025-01-07,0.687128137463835,0.9130702125468084,-0.038647343606577046
2025-01-08,0.3182420036874171,-0.3382500275761862,-0.025353968159951196
2025-01-09,0.7542877399916034,0.12241362190164448,0.013329662193029038
2025-01-10,-1.1464207606528083,-1.4063581240200131,0.03314808845868696
2025-01-13,-0.4068298079142522,0.16375984573959956,0.06817474596027026
2025-01-14,-0.43311636198987613,2.7574770186589386,0.04506539018298871
2025-01-15,0.37341321243942177,-0.3992648626235807,0.04325262904419911
2025-01-16,0.40956222176600265,0.2665886111497261,0.11679796370503646
2025-01-17,-0.4614255061332912,0.4273186443319552,0.11663266055111231
2025-01-20,0.0306957816533771,0.38762478201006206,0.11934598672802577
2025-01-21,0.021200718419201174,0.29301655412002553,0.12075498678116633
2025-01-22,-0.3117329547221584,-0.5690065429963694,0.11998255122621342
2025-01-23,0.26828115077139,-0.30630230189129976,0.15242755184742002
2025-01-24,-0.7794584148998379,1.1414603574277555,0.10322398401213782
2025-01-27,1.036487930020365,-1.0104451484549732,0.0682458885167589
2025-02-05,0.0477380717471093,0.36088543407557583,0.06718690095502082
2025-02-06,0.24143649295311065,1.66434279724643,0.07185691382474468
2025-02-07,-0.3356416605230591,0.9324609938547513,0.03765010151310202
2025-02-10,1.0472606760762355,0.7519727723577303,0.09344662857270768
2025-02-11,-0.47487823079419345,-0.2076001501196498,0.11575069807250808
2025-02-12,0.39272482762649763,0.9329763849477439,0.12086532089993166
2025-02-13,-0.8170785902109743,-0.7276693795272986,0.14119209309701183
2025-02-14,0.7782435020180558,0.33790659550117746,0.14497805892876794
2025-02-17,0.7287261524630052,0.31135281245946933,0.11426516534474518
2025-02-18,-0.4415618639057286,-1.4056648714966486,0.12977979410026003
2025-02-19,0.49142902188903204,1.4578169960748175,0.1454491910208256
2025-02-20,0.9549056681390856,0.4466240003208545,0.10624369278768742
2025-02-21,-0.4790430378540864,1.1315494901851302,0.07070017695820402
2025-02-24,1.2453527069097134,0.14189816077666714,0.06335186635937616
2025-02-25,-0.1821362606248081,-0.2555894109141824,0.05286585428648542
2025-02-26,0.8890937112802049,0.8754046897356812,0.05146979696596875
2025-02-27,-0.2993541559031413,-0.20637412188534332,0.05300026221547599
2025-02-28,-1.1542129539004091,-2.2153605075551797,0.1403938726927752
2025-03-03,0.6308935494700112,0.03640199744509945,0.14326755636650165
2025-03-04,0.9495640690344547,0.8435373221579918,0.1636574443232798
2025-03-05,0.518636515070844,0.4269504379401415,0.22016544409712363
2025-03-06,-0.7088705945826472,1.3596654573471911,0.19189670896273286
2025-03-07,0.12119065018775985,-0.23597984521985504,0.20855289665492238
2025-03-10,1.8370806012078877,0.15120186327450516,0.19409293065615277
2025-03-11,-0.8684871375075928,0.3538549840062227,0.1818465142742596
2025-03-12,-0.07023674514486403,0.1897679325167684,0.1768736568738637
2025-03-13,-0.4343884639534695,-0.917373657708511,0.19087507260289074
2025-03-14,-1.2078413797875653,1.0343008410935863,0.160926222732171
2025-03-17,1.220545607772612,0.18489364173385203,0.17478226193971702
2025-03-18,0.17390996918918142,0.23945562530071499,0.20379524184469078
2025-03-19,-0.17278507091890893,-0.4206324469288053,0.19839799157188423
2025-03-20,0.2601547870737895,-0.26233004204299937,0.1996309595076355
2025-03-21,0.4748967613081682,-1.2298826212816152,0.17771644009765422
2025-03-24,0.05104296116832832,-0.4184071906655722,0.18852038719877182
2025-03-25,-0.31031981488285765,-0.4661825494185406,0.18851753399993298
2025-03-26,0.5887254058250441,0.2526192985281609,0.18854584752312434
2025-03-27,-0.41053327246809834,-0.03932909976427153,0.19004262446314724
2025-03-28,0.4590083503840312,-0.5892570180975438,0.17612820040433433
2025-03-31,-0.00256436448538902,-0.4018105571630212,0.1650002845111524
2025-04-01,0.8517427803049957,0.339207997415454,0.16997628904211368
2025-04-02,-0.22685317942565877,0.19825967390674054,0.15793165351734834
2025-04-03,0.1708785558187182,-0.7276337704580395,0.14978008326033132
2025-04-07,-3.8314979010131456,-7.544653375273521,0.5217159899430683
2025-04-08,7.0969636422164495,0.31605756609561403,0.3835773492832588
2025-04-09,0.5467940247574646,1.4182342773940946,0.40487810350128023
2025-04-10,-0.7409605272727979,1.5049257627835158,0.3826206927014527
2025-04-11,-0.4419819216766005,0.8777286021194607,0.36524143351910887
2025-04-14,1.699260372606836,0.8422865342386417,0.3735993855032154
2025-04-15,0.011026478221681865,-0.20006416809532349,0.3711820793229882
2025-04-16,0.4037333781710248,-0.7827792210237178,0.3687211482864309
2025-04-17,-0.8530888873642472,0.10190481321814247,0.36626377944649724
2025-04-18,0.33769673951397167,-0.045117680677153105,0.35342465524589833
2025-04-21,0.13933951246147525,1.3237752119821258,0.3514856938078403
2025-04-22,0.2493329843775261,0.0035392824688636614,0.3834726665009402
2025-04-23,-0.03776670888216939,0.406872902780823,0.3836134811998608
2025-04-24,-0.05594956448031206,-0.6406782132263509,0.38391601427528055
2025-04-25,0.35581245951807194,0.22583076826193105,0.38807016216760915
2025-04-28,0.22177750937236304,-0.6333723651117922,0.38787608623369424
2025-04-29,-0.11805273919213082,0.30545157642543913,0.387260707359024
2025-04-30,0.9789820151319834,0.5099083128347468,0.38759194875545083
2025-05-06,0.4918515374321177,1.6129357384320595,0.3877187375849269
2025-05-07,0.6768323067414673,0.11960970727529187,0.4038654073366242
2025-05-08,-0.27056679980143544,0.515279001397868,0.4138011685664001
2025-05-09,0.5269389496439261,-0.7461755021897352,0.410247215377213
2025-05-12,0.27248976056378066,0.9052830634854087,0.41445527550045486
2025-05-13,0.8778674010068661,-0.13307212293278284,0.4203739461121825
2025-05-14,-0.3595605283024594,0.14045156663416655,0.4149320985049794
2025-05-15,0.13258251173883961,-1.0232721491845442,0.41313885535795686
2025-05-16,1.0505247366006172,0.14413057120928183,0.41323561280666576
2025-05-19,0.3504348417684937,0.3227123572347517,0.4086121165972609
2025-05-20,0.8228636171379309,0.5595077861721521,0.4096210101548317
2025-05-21,0.7005314771307343,-0.09224668271923546,0.40778401827282595
2025-05-22,0.18250039174742788,-0.623151687098027,0.40191905910223413
2025-05-23,0.5879621256945635,-0.7425392219046274,0.3989632104260153
2025-05-26,0.2837812314617716,0.4595983074737128,0.39648265410643746
2025-05-27,0.2878808941657117,-0.16236371522294168,0.4105938409845245
2025-05-28,0.31905889820483047,-0.20540533267855182,0.4107113655572402
2025-05-29,-0.2945689080197356,1.1294230196234654,0.3990191211792219
2025-05-30,0.6744793816840833,-0.6235919008624173,0.3911055014216135
2025-06-03,1.1019294249453768,0.47753692171832307,0.39362014505764736
2025-06-04,0.6479696666025023,0.5828917334301276,0.3735165859788845
2025-06-05,0.5545171503309604,0.48628267084410365,0.37445651977539796
2025-06-06,0.19272950896446225,-0.10236555805448563,0.37050976914567485
2025-06-09,0.5019441063523943,0.7031678041834546,0.3704641435880521
2025-06-10,0.5793496329827701,-0.542022102092415,0.39100175978756885
2025-06-11,0.3758554327023004,0.2896796674742736,0.3907166891090118
2025-06-12,0.36943661463998023,0.09555183263173868,0.39335610310419367
2025-06-13,0.38733108038236774,-0.8391510547583492,0.4000821306193429
2025-06-16,0.318164699108596,0.4587358347934168,0.4010866815302813
2025-06-17,0.30977334622207203,-0.027087270320728826,0.39610367813755376
2025-06-18,0.4826140110443076,-0.030245221847693005,0.42592993875191115
2025-06-19,-0.014333438612558166,-0.8618920156443002,0.4272960988971825
2025-06-20,-0.028450729584225082,-0.48103630832193545,0.4292973674576725
2025-06-23,0.7434698216018717,0.8290106834135558,0.43006390569950614
2025-06-24,-0.17261474273760088,1.2077620880195212,0.41730128908433206
2025-06-25,-0.6148912215070669,0.830431996301324,0.40928993870841196
2025-06-26,0.08484084699145929,-0.2838355479638321,0.4089958674710835
2025-06-27,0.6463370739138677,0.28799249771239704,0.40738749717490275
2025-06-30,1.3115731456025461,0.7883864781271228,0.41225883253540496
2025-07-01,1.0922824417916304,0.19648088810098008,0.41308956201899033
2025-07-02,-1.0404639667666349,-0.593388001667575,0.4196035289826689
2025-07-03,0.7744922702925813,0.34601860050570266,0.4193461078299841
2025-07-04,-0.04830611560884934,-0.2713346832753637,0.4193054189678007
2025-07-07,0.8050283264846136,0.17294283715159314,0.4215471747464875
2025-07-08,-1.174175588787595,0.8270212180792725,0.3994727232350597
2025-07-09,0.4825377317571664,-0.15599352757715698,0.014080559955641603
2025-07-10,0.39477672544140807,0.17388407250129354,-0.01676758925833449
2025-07-11,-0.6326680000636288,0.5503776800527745,-0.048775187790060945
2025-07-14,0.5856171977413815,0.018641208585595793,0.017530086236740804
2025-07-15,0.4070413932460832,-0.17537521026918737,0.045982451878256295
2025-07-16,0.3041179374299913,0.20259542113742135,-0.00746031903661068
2025-07-17,-0.20638754526118488,0.7253300929570133,-0.02939984556862551
2025-07-18,0.057765202847340325,0.16664430167559416,-0.02439022719401484
2025-07-21,0.7708976049443654,0.5779144872341483,-0.016535461178866062
2025-07-22,-0.24304158991368122,0.24882155985939813,-0.01904496680013586
2025-07-23,0.09682723749333863,-0.2791463774250775,-0.0026792751577394466
2025-07-24,-0.05641941677774853,0.8790115708949857,-0.018682985251599782
2025-07-25,0.7756920336840303,0.040088440248817664,-0.016180723243980656
2025-07-28,1.0421585437498118,0.21391010967774998,-0.030935614448126165
2025-07-29,0.1166341026876496,0.41607321713449935,-0.03419670113763457
2025-07-30,0.4488482034470387,-0.5075841340851475,-0.04411212930026148
2025-07-31,0.6808954467118152,-0.5275438737927751,-0.053478145106213786
2025-08-01,0.5806495837158918,0.10171285561368709,-0.06895156883538991
2025-08-04,-0.5516740276722549,0.6663577826064274,-0.11483082492850546
2025-08-05,0.6444759831559035,0.44580132654491095,-0.10803194823087717
2025-08-06,0.19108568619701452,0.685615666485423,-0.09912700518795461
2025-08-07,0.8722919617382194,0.01500603212118515,-0.09373845566813649
2025-08-08,0.08412206781225236,-0.19950164119177594,-0.08698028191113844
2025-08-11,0.12184053966660656,0.9734051218253019,-0.08721523406180565
2025-08-12,0.14209208598495235,0.18596703387021324,-0.08911554943607199
2025-08-13,-0.0649013932724652,0.9017396117186419,-0.12440326271404684
2025-08-14,-0.013504060654591607,-0.7846522686839332,-0.10173847146811679
2025-08-15,-0.10791518084981205,1.2409411031269333,-0.12547071516672903
2025-08-18,0.5961379102428339,1.0282447905018857,-0.12092350326497506
2025-08-19,0.5718036926117902,0.036107885593504425,-0.11707753609092376
2025-08-20,-0.6162539374921642,0.536062139599142,-0.13948395239329192
2025-08-21,0.5790021579239261,-0.4622333955130935,-0.13559394733229485
2025-08-22,-0.6165296968294909,0.9301578390460785,-0.16851053644329342
2025-08-25,1.224263704901132,0.9456088841645748,-0.1225945843931594
2025-08-26,0.23308794300992663,-0.0111931808942562,-0.12137628900443576
2025-08-27,-0.06925300192945208,-1.178212373651721,-0.06208247559827996
2025-08-28,1.1502375447475894,0.9343377705886717,-0.00874518745356046
2025-08-29,0.09092838562359216,-0.053105250928677614,-0.017922382568407922
2025-09-01,1.6128344597234519,0.5394410823042937,-0.0011639214833810269
2025-09-02,-1.451973312775969,-1.5345938606635057,0.13400986010756763
2025-09-03,0.4188221335199106,-0.9023834559462426,0.12203663823319542
2025-09-04,-0.5747540645814423,-1.4302575890308868,0.16479978298320258
2025-09-05,-0.4746033251870359,1.7977759013257613,0.11918575135901102
2025-09-08,2.326453378073225,0.5558234758183935,0.137537473514311
2025-09-09,0.0014604274507879558,-0.6953210147842995,0.14387682572174937
2025-09-10,1.0148232891266313,0.07133312673794592,0.14708529248125177
2025-09-11,-2.865703602039753,1.5063132147416687,-0.003416767195670288
2025-09-12,1.2575524398018996,0.19562963287095547,-0.0028120812740362066
2025-09-15,0.959620341866459,-0.04310681560117775,-0.006372210559920977
2025-09-16,-0.2532873492702483,0.6022059735825265,-0.020280649776031157
2025-09-17,-0.23221139449994047,0.6151555849014239,-0.03137044044856079
2025-09-18,1.1765483209493899,-0.6357683645457453,-0.06497478012003892
2025-09-19,0.03417960736619371,-0.2858668926847206,-0.0504602012086304
2025-09-22,0.09076065960042534,0.4626373473739088,-0.03543715243315997
2025-09-23,0.6899003987365613,-0.6494073855196398,-0.04872009296391291
2025-09-24,-1.074444495330289,1.0988437089049292,-0.08398301244593195
2025-09-25,0.12905280956789256,-0.20740097376507283,-0.10441454441150023
2025-09-26,-0.3351877735475489,-0.890080109369884,-0.0868138430856286
2025-09-29,-0.7792580072902205,0.8541588384700644,-0.13610974335388293
2025-09-30,0.5505892435422793,0.6327442827180567,-0.1340406715289646
2025-10-09,1.4332068025492841,0.5962435143118066,-0.12042941853169857
2025-10-10,-0.0953822721243579,-0.9209646313417462,-0.10821691656842976
2025-10-13,0.6630315640446004,-0.10316150406643511,-0.08812024544384249
2025-10-14,0.8090391265670623,-1.21099227358819,-0.10607123890534716
2025-10-15,-0.05638434835295344,0.955278033884074,-0.11153170117914506
2025-10-16,0.12457004670278256,-0.6633062615153249,-0.09945016545459139
2025-10-17,-0.21065344332841573,-1.8344325763016067,-0.06929050496187712
2025-10-20,0.8939220892728874,0.4763165023062202,-0.06105735100882064
2025-10-21,0.21005745421305927,0.916560481659385,-0.06114193582257209
2025-10-22,0.323236580513208,-0.2589377986618838,-0.05532626157076279
2025-10-23,0.165284491780415,-0.025744834597457286,-0.05481616117982923
2025-10-24,0.36700556603378187,0.945928011048103,-0.05832807324794399
2025-10-27,1.5680596337790953,0.637203615176379,-0.037826034671967136
2025-10-28,0.015563565307632699,-0.11539606540867656,-0.03804377975570703
2025-10-29,-0.023991566346205667,0.758006218023441,-0.03658755920479403
2025-10-30,0.41843958387587354,-0.6949131836690196,-0.038633638979340454
2025-10-31,0.9491224521791777,0.1817640591911526,-0.03951894641881889
2025-11-03,0.5166394779808633,0.27342990207078055,-0.03738143331239458
2025-11-04,0.7156627150462005,-0.8389185687068028,-0.04528199906273555
2025-11-05,0.61125815133352,0.2662269261407085,-0.03716581930973585
2025-11-06,0.24681492279417158,0.7501621555666633,-0.03702903221603697
2025-11-07,0.03515930047936047,-0.05810296637274297,-0.02477662267056666
2025-11-10,0.7895621815615363,0.19397822118803168,-0.026984301595971653
2025-11-11,0.8965318177649655,-0.16146360814085278,-0.030154588946539513
2025-11-12,-0.7412074811609956,-0.4160608470147314,-0.014721402696160268
2025-11-13,0.49663166624800825,0.8771694208963177,-0.01131560283243855
2025-11-14,1.359231577916411,-0.7156435764832138,-0.030532935585304587
2025-11-17,0.7019914568558917,0.1950535430844651,-0.029022222647001182
2025-11-18,0.020571506042572,-0.5961401022062411,-0.0169382634804697
2025-11-19,0.38807613711270644,-0.49272697427685713,-0.025175902366456445
2025-11-20,0.3673815418324411,-0.3799548594813924,-0.01366146716389269
2025-11-21,0.02808224175469265,-2.3518604883813103,-0.0041589615753621365
2025-11-24,0.6658419015042859,0.7820766671814462,0.0026746511315386473
2025-11-25,0.9900467425551831,0.8176654109436455,0.028207932951891643
2025-11-26,0.43472370612988137,0.0029181694842139276,0.03125777164742223
2025-11-27,0.7602531162036785,0.09350995091174885,0.05469466409183384
2025-11-28,0.47736311225286177,0.6788554556931818,0.036626925008722624
2025-12-01,1.1436325368037223,0.4669061212449062,0.04559497871696392
2025-12-02,-0.07470955835360704,-0.5896437831769322,0.040022572479543515
2025-12-03,-0.13279479522024995,-0.5294768601207901,0.027454400887649655
2025-12-04,-0.0012730684755741795,0.02086764138082803,0.02692088230687282
2025-12-05,0.24059117750742096,0.8117306057906217,0.007261138567078507
2025-12-08,1.347567426433177,0.6826807330073357,-0.049925555433367866
2025-12-09,0.36196855921195603,-0.3429350409417784,-0.04868821119683854
2025-12-10,0.9250057811183976,0.24657728485560712,-0.08783798762388365
2025-12-11,-0.5519071683811878,-0.7967981283441026,-0.02278174775752316
2025-12-12,1.3474098563503538,0.49947824071895525,-0.04193270004618234
2025-12-15,0.490672578676769,-0.5155981911650088,-0.052609554151333636
2025-12-16,0.37651494090523824,-1.088661371232164,-0.05377140533474771
2025-12-17,0.4562664409506314,0.9325919814902288,0.12778432831156794
2025-12-18,0.4927965567666985,-0.13423042063735427,0.12292730301048521
2025-12-19,0.1484139736529039,0.4969445733076113,0.11960895681551378
2025-12-22,0.7807031567324776,0.6652632170313105,0.14647489050607818
2025-12-23,0.2520965661841742,-0.12816048723646545,0.1657115882378795
2025-12-24,0.1244028926274017,0.9601194861966919,0.17718511911800996
2025-12-25,0.04376108699448111,0.6050293096723198,0.16374532021546775
2025-12-26,-0.31375316516492796,0.2108072653054164,0.1623297110381846
2025-12-29,0.8018975860630642,-0.10938251180007193,0.16931632632943466
2025-12-30,-0.04231202668559281,0.017008763538890973,0.2528712169972734
2025-12-31,0.9175888352770774,-0.03370383407183876,0.24750408909564958
2026-01-05,-0.35895039508972215,1.28102247928898,0.17213804739187882
2026-01-06,0.1937435754107942,0.8639043520282236,0.21542262927364386
2026-01-07,1.8221501973520686,0.29964630326458297,0.21545611635562673
2026-01-08,0.3045532493132632,0.5097854367709429,0.19532565178746422
2026-01-09,-0.8278580907614478,1.2203663265899751,0.10308223509790078
2026-01-12,-0.5884431633734999,1.7073913646885122,0.034473632163355084
2026-01-13,0.010575635151484112,-1.1928362864534825,0.07683656050926992
2026-01-14,1.1217084077417476,0.3767990885239474,0.09997584480213484
2026-01-15,-0.7159999792874004,-0.14191058242942972,0.10047049751706315
2026-01-16,0.2708011141079321,-0.09229946337336482,0.05888872119710399
2026-01-19,0.7011510827145777,0.21969839026105772,0.053154407467061286
2026-01-20,-0.1134039889056245,-0.6485161666008961,0.07541215860455447
2026-01-21,-0.6329179262016182,0.4710151240485563,0.05788740462380651
2026-01-22,0.11209652985484897,0.42815883373846286,0.0532540927269398
2026-01-23,-1.1417528943041917,1.1639080514665614,-0.009932373254237733
2026-01-26,2.3093227717561877,-0.8427423276931449,-0.10076123294027634
2026-01-27,-0.827608768404592,0.10621247198754219,-0.10079545147311432
2026-01-28,-0.1394346249240061,0.09814067160848605,-0.09253570422686462
2026-01-29,-0.3858460343449036,-0.5409364598299008,-0.07308514364073003
2026-01-30,-0.29791834701065767,-0.62601993128579,-0.058386192582027444
2026-02-02,3.0337745117949093,-2.2004931418616644,-0.22616098011098926
2026-02-03,-2.0360609509172587,1.8133880074552426,-0.3014745874344764
2026-02-04,-0.6489183354230672,-0.043769625535672055,-0.2965048819158444
2026-02-05,0.7855365325668695,-1.1128510016099846,-0.3059434583250781
2026-02-06,1.628913555195367,-0.1642073669189296,-0.30790777262278013
2026-02-09,-1.1153155362919993,1.3920433998217876,-0.3411409843689633
2026-02-10,0.3247183937680345,0.09632882533266479,-0.3392845297957387
2026-02-11,-0.3040437081680628,-0.10753339299276247,-0.3527031260475853
2026-02-12,-0.24939847741810728,0.5347432561218589,-0.36346186822370585
2026-02-13,0.9642668599431524,-0.8745253163464686,-0.3601638931609589
2026-02-24,0.5510427813153526,0.690573326490149,-0.3560681726680167
2026-02-25,-0.05924578587055209,0.9247712421465436,-0.36576565677595646
2026-02-26,0.8730849826044219,0.45140319821676295,-0.35896893352131876
2026-02-27,-0.024365110429095393,0.5045508008934414,-0.3607008318346522
2026-03-02,0.7186285939762438,-0.6293197387624921,-0.413970680468762
2026-03-03,-0.8130738141231282,-2.5182618726117796,-0.3124700857205834
2026-03-04,0.6910050221807152,-0.38823571991981476,-0.33222755839853546
2026-03-05,0.7149035675035409,0.5779344947488262,-0.32508402739737735
2026-03-06,0.20688593149443635,0.5903782644696282,-0.3254435455123669
2026-03-09,-0.27748202944664074,-0.342570354730329,-0.32279076026473
2026-03-10,0.9811105007073149,1.091444354415712,-0.31098233825682803
2026-03-11,0.9637761973221747,0.10249540059376998,-0.3167596227996824
2026-03-12,0.6101121805011679,-0.18770734348774323,-0.32667810219467147
2026-03-13,-0.9837620476218065,-0.8852920087751365,-0.28963516971722353
2026-03-16,0.01831628301388318,-0.009329642295411575,-0.2904999428116997
2026-03-17,0.02787841438367426,-1.4653040002952702,-0.29558909479649825
2026-03-18,0.5148283501172594,0.5984138755539015,-0.29021010356486754
2026-03-19,-0.006550924269145719,-1.4568815785584641,-0.2796505837163192
2026-03-20,0.5436286910839095,-1.0040268844282747,-0.3022214450866413
2026-03-23,0.3027185201399317,-3.07846033545425,-0.29634717154220325
2026-03-24,0.504053131351733,1.5963793997041216,-0.27812397737739186
2026-03-25,1.6376563486489946,1.2257615913311724,-0.2349000304918187
2026-03-26,0.14393497050027504,-0.8821527565856475,-0.2372920378548782
2026-03-27,-0.6388760581282571,0.8919398543148418,-0.2474204563712215
2026-03-30,1.1091625816871926,0.1810751152229431,-0.242714677582089
2026-03-31,-0.13779234659920378,-1.181834916602944,-0.23972970217399464
2026-04-01,0.6130329595970395,1.184088542055189,-0.22775584285323947
2026-04-02,0.43290295967163894,-1.125761186136166,-0.2299016821122646
2026-04-03,-0.16874024292064022,-0.6970281329158686,-0.22237657306768038
2026-04-07,0.820625114448366,0.5809657724803631,-0.21269259524283432
2026-04-08,-0.9714454348065089,2.8242678741094553,-0.2554600325459018
2026-04-09,1.1763000100572627,-0.27859717640400705,-0.2582089060332128
2026-04-10,0.817714479747888,0.6066820057421062,-0.2512627281570366
2026-04-13,0.7868921266149064,0.22538911413044527,-0.2392981199222851
2026-04-14,0.37975375734101346,0.9415897921978548,-0.2360969446474076
2026-04-15,-0.2119347609866936,-0.27445001909901157,-0.24784897117015242
2026-04-16,-0.2843346533731521,0.9849079297374775,-0.25529942062869077
2026-04-17,0.19427613676593344,0.5674197876075388,-0.23798306584093487
2026-04-20,0.939945026882365,0.3806010457585684,-0.21239592505305238
2026-04-21,0.1806939792364367,-0.03525639197705891,-0.22007778816862184
2026-04-22,-0.19091017276297717,0.9782288294015283,-0.23403871410557311
2026-04-23,0.1058375167151725,-0.877559028507957,-0.2357256910810484
2026-04-24,0.45266101820408877,-0.4432268955930408,-0.23700250472947332
2026-04-27,0.43490953773354113,0.2580333515905449,-0.23841411219087863
2026-04-28,-0.006359604072008335,-0.8445662746633482,-0.23847369566365453
2026-04-29,-0.13507741862290693,0.8720075016463553,-0.23773783977459514
2026-04-30,0.45367290481231815,0.27561770691933135,-0.23570658560034807
2026-05-06,0.8393290835561658,1.4061168044787216,-0.19255080485279055
2026-05-07,-0.547001319714968,1.0118138524378015,-0.1817947559073153
2026-05-08,0.6268676408511185,0.17635461006556902,-0.18176985877230134
2026-05-11,0.9374377387740522,0.8857294171998513,-0.16829711577994755
2026-05-12,-0.018160506141402088,-0.30783365729954665,-0.17528015061886584
2026-05-13,-0.4294313042869719,0.9456014038722318,-0.19535801972851624
2026-05-14,0.13200534546966933,-1.2486088496361414,-0.07328911650952696
2026-05-15,0.3490907706638832,-0.6898183931770127,0.021185204430238316
2026-05-18,0.020070587833471445,0.2719378247407778,0.017529494142153098
2026-05-19,0.2990720216788445,0.6306400766539753,0.034505548698568575
2026-05-20,0.49228165506378857,0.004721906103756658,0.045378026223504876
2026-05-21,-0.4147097957817536,-2.143696690757882,0.14297764583186776
2026-05-22,0.7640001815441,1.3236064651392359,0.15813941969654527
2026-05-25,0.9428782218727486,0.7727618429651671,0.16769486640544481
2026-05-26,-0.6046784989890109,-0.7744124259010544,0.19295137459938994
2026-05-27,0.45339070904464784,-1.00665082445764,0.2073915815394561
2026-05-28,0.41891813523956956,0.6832796068289858,0.205264752521899
2026-05-29,-0.8032624921496291,-1.6529351702142623,0.25386433135364805
2026-06-01,-0.43963941393510075,-0.46535229180493987,0.2542754657636251
2026-06-02,0.7035973750193312,0.29326397170881074,0.26139572399952965
2026-06-03,0.5016778191096246,0.3623407910935983,0.2730696166643554
2026-06-04,0.31437347588366044,-0.08109509391290386,0.2152119225677178
2026-06-05,-0.0579006314542434,-0.5742169650465507,0.22643051912138287
2026-06-08,-0.9269909986244798,-1.9646939833467378,0.2707771105057934
2026-06-09,2.906210362132377,1.7971056800885385,0.338756805707166
2026-06-10,-1.1938508779924606,-0.868231259349587,0.35061364823666846
2026-06-11,0.09285333586318656,-0.28448286048021393,0.3395796283633542
2026-06-12,-0.2651859982757369,0.34465674339096447,0.3348681400619261
2026-06-15,0.8513784037844889,2.3830097931319187,0.35439306310418667
2026-06-16,0.5700854979836012,0.9246052334839322,0.3445489208798448
2026-06-17,-0.24183414753212,0.4368743909992523,0.3384310278865912
2026-06-18,0.23402365404783768,0.48576744762210233,0.3356747665248825
2026-06-22,1.664937458081089,0.6799356629901937,0.33939186146826766
2026-06-23,-1.1326662542119565,-1.2863217422081044,0.3622039818060158
2026-06-24,1.1465305752521535,0.8232384052625062,0.37991588354890554
2026-06-25,-0.09451145438973768,0.25790410537884373,0.4124620445788688
2026-06-26,-0.20898902239452738,-1.5872705939645093,0.4185387010366023
2026-06-29,0.6973184713908473,-0.012129689182843224,0.3971131073712948
2026-06-30,0.7832601775905066,1.5409350688144094,0.407617215879579
2026-07-01,1.4705951943070255,0.5019753521649019,0.43014813319280926
2026-07-02,-2.1058945875151265,-1.7389742186719153,0.48004956567873525
2026-07-03,0.11027110625187025,-0.016763975705970973,0.4774437721228497
2026-07-06,-0.733353296191492,-1.0696089911799578,0.48637307051287226
2026-07-07,0.11244753685573322,-1.2785537301721146,0.493603917220296
2026-07-08,-0.30137150249069955,-1.412822429593182,0.49617153338698927
2026-07-09,1.6504435706713032,1.3581300357381612,0.5103271564463036
2026-07-10,0.7644911431109906,-0.7775783752475569,0.6087607664094463
2026-07-13,-0.8762179514944574,-3.2071527702555302,0.6349655978501828
2026-07-14,0.7476630719397527,1.0761057825854508,0.6361419558507986
2026-07-15,-0.37331064228983823,-0.8590547893041506,0.6400892946310356
2026-07-16,-0.09221514753595568,-1.5216783011083868,0.6386530800382234
2026-07-17,0.627205297178138,-3.936718349065425,0.5510144747751371
2026-07-20,0.6951966063292496,-1.8029769584533688,0.541719955592773
2026-07-21,0.01842901922163781,2.581946600323582,0.5128291537026035
2026-07-22,1.0104750793373383,-0.8875189520418436,0.49498689002387186
2026-07-23,0.30728196770941674,0.3210980886042006,0.49519757178468987
2026-07-24,0.25592878731335267,-1.7584997764825265,0.49989578214466085
2026-07-27,-0.32393673743804907,2.046831293076145,0.46649875010533715
2026-07-28,0.39881696506215697,-1.7898768662879634,0.45705939625855463
2026-07-29,-0.36835991549874725,0.5958915478999294,0.44608436480760716
2026-07-30,0.39944626525307647,-1.762199448700312,0.4345450094294917
2026-07-31,0.8919022663319689,1.541559536359877,0.45256628168110247
2026-08-03,-0.3233178867999995,0.02770217345173853,0.44829850231458684
2026-08-04,0.527823531783395,1.7152269726528735,0.44181187469228517
2026-08-05,0.03169947046261638,1.7941638923369587,0.44838217668488933
2026-08-06,0.7303241082383563,0.2921372746485362,0.44906472600012826
2026-08-07,0.5914223001878676,1.2136382022121985,0.4462155927184273
2026-08-10,1.3951907428019494,0.43389346347146274,0.4473790471355992
2026-08-11,-0.8213605428671487,-0.275029079575444,0.4587977386059879
2026-08-12,1.3674157467036772,0.7646442426857992,0.4657589844633764
2026-08-13,-0.8303575862422838,-0.6129934905980141,0.4683250197029392
2026-08-14,1.622886004541001,0.42547522449246633,0.4697775561372362
2026-08-17,0.1350527300065139,1.589799005171554,0.4615705215744146
2026-08-18,1.1759189306774098,-0.16665620748934834,0.45620015315777956
2026-08-19,-1.2869277955482703,-3.4337688416661503,0.48402879423794765
2026-08-20,0.6095745595270675,0.5944346343143073,0.48135732819528193
2026-08-21,0.5433970436747239,0.10312026362328532,0.47735356943602864
