date,n_contracts,front_carry,back_carry,inversion,hump_or_u_shape,material_slope_sign_changes,one_factor_shape_limitation
2022-07-22,4,0.15002630138819212,0.11529201922600309,True,False,0,False
2022-07-25,4,0.1445981229888313,0.11420700519423466,True,False,0,False
2022-07-26,4,0.08443317630106531,0.10646986950295019,False,False,0,False
2022-07-27,4,0.08134700645772011,0.10163729516533461,False,True,1,True
2022-07-28,4,0.08068493325382547,0.09645715483980874,False,False,0,False
2022-07-29,4,0.08370506404931596,0.09876675054281711,False,False,0,False
2022-08-01,4,0.12076986505582013,0.10645034998805881,True,False,0,False
2022-08-02,4,0.04040561523891662,0.09641594434062398,False,False,0,False
2022-08-03,4,0.11381417879964391,0.10588501711247286,True,True,1,True
2022-08-04,4,0.23664140094605227,0.11660146825463695,True,False,0,False
2022-08-05,4,0.0484492856555272,0.09971613885547899,False,False,0,False
2022-08-08,4,0.18038128264994963,0.11069648598012186,True,False,0,False
2022-08-09,4,0.2126753123802356,0.11394652074720557,True,False,0,False
2022-08-10,4,0.22573019599713995,0.11399372550391904,True,False,0,False
2022-08-11,4,0.06803521013122743,0.1037430307030214,False,False,0,False
2022-08-12,3,0.09680079811983722,0.10166883248024405,False,False,0,False
2022-08-15,3,0.11306877090968069,0.10450479291490916,True,False,0,False
2022-08-16,3,0.10769943596728589,0.10609581030641815,True,True,1,True
2022-08-17,3,0.0942994732123449,0.10170555019358224,False,False,0,False
2022-08-18,3,0.0719507945243916,0.09728297016521265,False,False,0,False
2022-08-19,3,0.09949974017992311,0.10024344887534736,False,False,0,False
2022-08-22,4,0.11888471176180514,0.10513538205655912,True,False,0,False
2022-08-23,4,0.11735417118002196,0.10869580995958716,True,True,1,True
2022-08-24,4,0.16555190572539455,0.11718122452056962,True,False,0,False
2022-08-25,4,0.1909399992229582,0.12218156375610459,True,False,0,False
2022-08-26,4,0.18608178342410814,0.12103182031657854,True,False,0,False
2022-08-29,4,0.20561250283151472,0.12335139663383421,True,False,0,False
2022-08-30,4,0.1183775595360935,0.115360981436212,True,True,1,True
2022-08-31,4,0.14761919353747,0.11837028224298161,True,True,1,True
2022-09-01,4,0.13964488161748165,0.11703025986443918,True,False,0,False
2022-09-02,4,0.20117883648945262,0.11895255744159865,True,False,0,False
2022-09-05,4,0.21176655583995946,0.11831504803599233,True,False,0,False
2022-09-06,4,0.21530106301810648,0.11535287649592904,True,False,0,False
2022-09-07,4,0.26777718897673375,0.11777027671087209,True,False,0,False
2022-09-08,3,0.12915727944105418,0.11338444770505247,True,False,0,False
2022-09-09,3,0.0963577074049663,0.10289738768234083,False,False,0,False
2022-09-13,3,0.11850598741422409,0.10912184461131771,True,False,0,False
2022-09-14,3,0.11605965170242685,0.11069502862465563,True,False,0,False
2022-09-15,3,0.19192510134796145,0.1278998851591985,True,False,0,False
2022-09-16,3,0.19996372447907373,0.12777649954334092,True,False,0,False
2022-09-19,4,0.21951243968772063,0.1389962513008678,True,False,0,False
2022-09-20,4,0.2105942837792255,0.13941555429605704,True,False,0,False
2022-09-21,4,0.1654034692602676,0.13154006456132686,True,False,0,False
2022-09-22,4,0.13548778855619933,0.11496555170486003,True,False,0,False
2022-09-23,4,0.11730011249021122,0.10654264666309778,True,False,0,False
2022-09-26,4,0.0934883455707564,0.10109063198284067,False,True,1,True
2022-09-27,4,0.04616768629849967,0.09402462844371123,False,False,0,False
2022-09-28,4,0.04187504692276128,0.08481742393186481,False,False,0,False
2022-09-29,4,0.0011087052201028836,0.08314903313019138,False,False,0,False
2022-09-30,4,0.10125680438297305,0.10038796774528114,True,True,1,True
2022-10-10,4,0.05253878601991995,0.09889388304661069,False,False,0,False
2022-10-11,4,0.1334364392011771,0.10677768541383217,True,False,0,False
2022-10-12,4,0.14626262313128188,0.11151201453983456,True,True,2,True
2022-10-13,4,0.07794250534288127,0.100720855553497,False,True,1,True
2022-10-14,3,0.06479777222897748,0.09501941463567841,False,False,0,False
2022-10-17,3,0.128444862880486,0.1082478554473685,True,False,0,False
2022-10-18,3,0.11406843915045362,0.1094192391622669,True,False,0,False
2022-10-19,3,0.10318242849262478,0.10728951141931713,False,False,0,False
2022-10-20,3,0.12969288019799166,0.11254484686517993,True,False,0,False
2022-10-21,3,0.11862383141430916,0.11223130439106763,True,False,0,False
2022-10-24,4,0.05116404804093063,0.0989850237398133,False,False,0,False
2022-10-25,4,0.045982665769740534,0.09428422458874532,False,False,0,False
2022-10-26,4,-0.005681826737726279,0.08645289836674873,False,False,0,False
2022-10-27,4,-0.012857793918269073,0.08046057272518779,False,False,0,False
2022-10-28,4,0.055063001562502746,0.08466963939106521,False,False,0,False
2022-10-31,4,0.030678711044682318,0.09050315635450072,False,False,0,False
2022-11-01,4,-0.07665080665743887,0.07854183978880389,False,False,0,False
2022-11-02,4,-0.009316384451900967,0.08023074229818333,False,False,0,False
2022-11-03,4,0.025626235666354705,0.08807573895993315,False,False,0,False
2022-11-04,4,-0.12002019165856735,0.07120189100231755,False,False,0,False
2022-11-07,4,0.021423254650392194,0.07554580771533441,False,False,0,False
2022-11-08,4,-0.043547547558565276,0.07208165427128832,False,False,0,False
2022-11-09,4,0.020307847238360002,0.06962249421409168,False,False,0,False
2022-11-10,4,-0.06408287486500718,0.064698246200064,False,False,0,False
2022-11-11,3,0.03353223879628533,0.06373576999122818,False,False,0,False
2022-11-14,3,0.047430988231183684,0.06393838187323152,False,False,0,False
2022-11-15,3,0.02927082456879403,0.06194906591489396,False,False,0,False
2022-11-16,3,0.04356364318450225,0.0653289070047116,False,False,0,False
2022-11-17,3,0.026992484660190316,0.06036280017513385,False,False,0,False
2022-11-18,3,0.03600893342300441,0.05977473789168244,False,False,0,False
2022-11-21,4,0.022305780994444448,0.0567995620782937,False,False,0,False
2022-11-22,4,0.06771089970440046,0.07249544726686559,False,True,1,True
2022-11-23,4,0.04592535380115598,0.06817952586250217,False,False,0,False
2022-11-24,4,0.07816906457134817,0.07366737634047912,True,True,1,True
2022-11-25,4,0.05191717124793764,0.07208687332645498,False,False,0,False
2022-11-28,4,0.01591134664667087,0.06805571989866918,False,False,0,False
2022-11-29,4,0.006382078513430937,0.06355053297230501,False,False,0,False
2022-11-30,4,0.037174843999542274,0.06989796467231899,False,False,0,False
2022-12-01,4,0.0021001354889828242,0.0635587446609642,False,False,0,False
2022-12-02,4,0.009405715541379605,0.0629979622650484,False,False,0,False
2022-12-05,4,0.059936296402633565,0.07298868089964368,False,True,1,True
2022-12-06,4,0.04018183758967177,0.07389465065978804,False,False,0,False
2022-12-07,4,0.0664763117052805,0.07616520118266654,False,True,1,True
2022-12-08,4,0.005113608422320608,0.07510531647658461,False,False,0,False
2022-12-09,3,0.05259696894688624,0.07573617953246402,False,False,0,False
2022-12-12,3,0.045051667626289975,0.07448571543484253,False,False,0,False
2022-12-13,3,0.032752296861119704,0.07004168918686288,False,False,0,False
2022-12-14,3,0.05841103723368175,0.0794795976868658,False,False,0,False
2022-12-15,3,0.0593001846088323,0.07713185440336011,False,False,0,False
2022-12-16,3,-0.005262651333624796,0.06178825519435738,False,False,0,False
2022-12-19,4,-0.029452759690780872,0.05606405223850437,False,False,0,False
2022-12-20,4,-0.0014095008140641227,0.05955540583785246,False,False,0,False
2022-12-21,4,-0.010110434756462618,0.0551014895762468,False,False,0,False
2022-12-22,4,-0.023550219558719103,0.04762921839897144,False,False,0,False
2022-12-23,4,0.004716885165620287,0.051365213620104655,False,False,0,False
2022-12-26,4,-0.006884716756868201,0.05029639035099053,False,False,0,False
2022-12-27,4,-0.009967997255839115,0.053487847198456416,False,False,0,False
2022-12-28,4,-0.04653941339032359,0.04510591116641196,False,False,0,False
2022-12-29,4,-0.0051367546637654995,0.053969503690952284,False,False,0,False
2022-12-30,4,0.002409077298435574,0.06025094528330231,False,False,0,False
2023-01-03,4,0.024816963895309928,0.0702846321568668,False,False,0,False
2023-01-04,4,0.035788075021372524,0.07399611846821261,False,False,0,False
2023-01-05,4,-0.0028587630962777343,0.07156539807822683,False,False,0,False
2023-01-06,4,-0.004310994960326076,0.07003234904586143,False,False,0,False
2023-01-09,4,0.08689337127094401,0.08056130074758179,True,True,1,True
2023-01-10,4,0.051335227166302906,0.0781490446106509,False,False,0,False
2023-01-11,4,-0.026250855325319053,0.07275259176879403,False,False,0,False
2023-01-12,4,-0.0012246609854109983,0.0702319449426441,False,False,0,False
2023-01-13,3,-0.016822711051162453,0.05742751863811581,False,False,0,False
2023-01-16,3,0.010894956986003537,0.06041432825660864,False,False,0,False
2023-01-17,3,-0.008797727856120515,0.05418419203183811,False,False,0,False
2023-01-18,3,-0.039714712703738594,0.04590674865127431,False,False,0,False
2023-01-19,3,-0.07918721933511291,0.03780468340741049,False,False,0,False
2023-01-20,3,-0.08409293665350565,0.04125378300654121,False,False,0,False
2023-01-30,4,-0.002292376452912767,0.05202321689083766,False,False,0,False
2023-01-31,4,-0.02106054810186346,0.04613684184226536,False,False,0,False
2023-02-01,4,-0.003278306621182227,0.051653096358099906,False,False,0,False
2023-02-02,4,0.03072610883204767,0.05508875448056624,False,True,1,True
2023-02-03,4,0.031891473553392086,0.062383577714103106,False,True,1,True
2023-02-06,4,0.005397614133918897,0.0610185026919508,False,False,0,False
2023-02-07,4,0.06478955097672634,0.06715281688506057,False,True,1,True
2023-02-08,4,0.07448979907078036,0.06549561647835522,True,True,1,True
2023-02-09,4,-0.11141138736670712,0.05156506326197666,False,False,0,False
2023-02-10,3,0.022671919690429483,0.057100634709443626,False,False,0,False
2023-02-13,3,0.057018455902877525,0.06383377876497451,False,True,1,True
2023-02-14,3,0.04958845989028071,0.06368732137475733,False,False,0,False
2023-02-15,3,0.06625971152173589,0.06873752133186105,False,True,1,True
2023-02-16,3,0.04088076991565108,0.06311425921961239,False,False,0,False
2023-02-17,3,0.04734596008160857,0.0629409714450539,False,False,0,False
2023-02-20,4,0.08312795557573617,0.0717400645736816,True,True,2,True
2023-02-21,4,0.12161234459607913,0.07700465009204609,True,False,0,False
2023-02-22,4,0.07654435687916343,0.07444495325851226,True,True,2,True
2023-02-23,4,0.06220471297575478,0.07193709748335073,False,True,2,True
2023-02-24,4,0.052045477497857685,0.07025298244336288,False,True,1,True
2023-02-27,4,0.052204072464476926,0.07285078472836623,False,True,2,True
2023-02-28,4,0.06310571265373151,0.07271710192347568,False,True,2,True
2023-03-01,4,0.07847811634217192,0.07502091404844766,True,True,1,True
2023-03-02,4,0.04808643523018849,0.07112099912796609,False,False,0,False
2023-03-03,4,0.10500495526472212,0.07510285098301618,True,True,2,True
2023-03-06,4,0.1719405222698175,0.08266462565336866,True,True,2,True
2023-03-07,4,0.05203668006615843,0.07283019904168715,False,True,1,True
2023-03-08,4,0.11762078387533977,0.07763165902525052,True,True,2,True
2023-03-09,4,0.09820094893318963,0.07793910806772603,True,True,2,True
2023-03-10,3,0.04934541460640406,0.07377959800439496,False,False,0,False
2023-03-13,3,0.053141622122464156,0.07460781480543098,False,False,0,False
2023-03-14,3,0.04616004397072716,0.073911313985148,False,False,0,False
2023-03-15,3,0.05280499483194836,0.07491328242324968,False,False,0,False
2023-03-16,3,0.02974445524660447,0.07318250534300161,False,False,0,False
2023-03-17,3,0.029658146025493985,0.0680651357656571,False,False,0,False
2023-03-20,4,0.016612463106022313,0.06556192669594302,False,False,0,False
2023-03-21,4,0.04334192016273723,0.06896501222486343,False,False,0,False
2023-03-22,4,0.039040697785672804,0.07060028075781843,False,False,0,False
2023-03-23,4,0.04678712484562252,0.07250943842228502,False,False,0,False
2023-03-24,4,0.03449504678692234,0.06825692549145536,False,False,0,False
2023-03-27,4,0.06663590043959755,0.07237273797465528,False,False,0,False
2023-03-28,4,0.009759123606732159,0.06183785963444045,False,False,0,False
2023-03-29,4,0.014629615271769413,0.05995299350485375,False,False,0,False
2023-03-30,4,-0.019310929939375235,0.05613101858912068,False,False,0,False
2023-03-31,4,0.01909055555290942,0.061467071730944005,False,False,0,False
2023-04-03,4,0.0739575568975915,0.06706270735580712,True,True,2,True
2023-04-04,4,0.023251489627926315,0.061947613992990716,False,False,0,False
2023-04-06,4,0.08917920945334404,0.07173744259712164,True,True,2,True
2023-04-07,4,0.07189090709234727,0.07216892528880188,False,True,2,True
2023-04-10,4,0.004559442913850792,0.05732454835175912,False,False,0,False
2023-04-11,4,0.06532089087663151,0.06435481044611283,True,True,2,True
2023-04-12,4,0.10754093862667964,0.06856848813642238,True,True,2,True
2023-04-13,4,0.012937644609142446,0.06194835375290903,False,False,0,False
2023-04-14,3,0.06799566808837189,0.06889594695753737,False,True,1,True
2023-04-17,3,0.05245754377243913,0.06396641701907414,False,False,0,False
2023-04-18,3,0.08056307766380173,0.06847710919226482,True,False,0,False
2023-04-19,3,0.07938725109845166,0.0662787651108777,True,False,0,False
2023-04-20,3,0.08210332795150724,0.06628557853851161,True,False,0,False
2023-04-21,3,0.021019780415302773,0.05890297102942468,False,False,0,False
2023-04-24,4,0.02096528749742644,0.062817807882817,False,False,0,False
2023-04-25,4,-0.007567871386156435,0.05044326208853883,False,False,0,False
2023-04-26,4,0.001901756260169989,0.050887315037019654,False,False,0,False
2023-04-27,4,-0.02587286860188103,0.047213694015810284,False,False,0,False
2023-04-28,4,-0.03160073115699156,0.04428839244546895,False,False,0,False
2023-05-04,4,0.04290407144140782,0.050838541435496,False,True,1,True
2023-05-05,4,0.027399808645060718,0.05125818346799862,False,False,0,False
2023-05-08,4,0.07352570046013786,0.05168415440435555,True,False,0,False
2023-05-09,4,0.004945871073661916,0.04611115819883469,False,False,0,False
2023-05-10,4,0.02931411973733296,0.04879018227290307,False,True,1,True
2023-05-11,4,0.056521748463113246,0.049307713762102925,True,False,0,False
2023-05-12,3,0.03783795723355304,0.04479560779433196,False,False,0,False
2023-05-15,3,0.05841649872224184,0.0486419240420774,True,False,0,False
2023-05-16,3,0.0412049982547176,0.04509049960695522,False,False,0,False
2023-05-17,3,0.07164308896890104,0.05041791775160259,True,False,0,False
2023-05-18,3,0.07050166352195852,0.04959956892975346,True,False,0,False
2023-05-19,3,0.03567033076677306,0.044277433853806,False,False,0,False
2023-05-22,4,0.04867146636566207,0.04469981803342189,True,True,2,True
2023-05-23,4,0.04612434964653111,0.04292470083722656,True,True,2,True
2023-05-24,4,0.0497042528518284,0.042305528534527376,True,False,0,False
2023-05-25,4,0.07087411236933361,0.044339361332212605,True,False,0,False
2023-05-26,4,0.04038038438457994,0.043021393479129304,False,True,1,True
2023-05-29,4,0.03726653883223869,0.041144982461626796,False,True,1,True
2023-05-30,4,0.03250538396118347,0.040646315129568684,False,True,1,True
2023-05-31,4,0.059445281812427024,0.04541926106604217,True,True,2,True
2023-06-01,4,0.03816270660799434,0.03921814031876781,False,True,1,True
2023-06-02,4,0.06516034977000151,0.04388821418705052,True,False,0,False
2023-06-05,4,0.10060984837532158,0.04633511674062702,True,False,0,False
2023-06-06,4,0.1176203580624159,0.04667760289256527,True,False,0,False
2023-06-07,4,0.10952305304539442,0.04638746620564018,True,False,0,False
2023-06-08,4,0.03977484040152216,0.04282382073616441,False,True,1,True
2023-06-09,3,0.05402240133299701,0.04734529177011929,True,False,0,False
2023-06-12,3,0.06390367123825424,0.049784203670005994,True,False,0,False
2023-06-13,3,0.06389337339838709,0.05084173239763182,True,False,0,False
2023-06-14,3,0.06774360756423166,0.05185010870997428,True,False,0,False
2023-06-15,3,0.058606001847821665,0.049819966076758045,True,True,1,True
2023-06-16,3,0.07206976369087416,0.05129410156943082,True,False,0,False
2023-06-19,4,0.08965002391310867,0.05739509160540742,True,False,0,False
2023-06-20,4,0.08663389380879806,0.05682672734667686,True,False,0,False
2023-06-21,4,0.05731256054671919,0.04822822536209217,True,True,2,True
2023-06-26,4,0.0015518806082317031,0.036983251108617096,False,False,0,False
2023-06-27,4,0.07428031054416134,0.05440863621130771,True,False,0,False
2023-06-28,4,0.04174409953819779,0.044990346348228544,False,False,0,False
2023-06-29,4,0.0801928611497151,0.05309543967686093,True,False,0,False
2023-06-30,4,0.08075286467753956,0.052547268160596,True,False,0,False
2023-07-03,4,0.09135077365582209,0.052972640757865966,True,False,0,False
2023-07-04,4,0.08495063546790167,0.05482673813929999,True,False,0,False
2023-07-05,4,0.07035239798154543,0.05307940324775705,True,True,2,True
2023-07-06,4,0.12058321065343737,0.05665582729068859,True,False,0,False
2023-07-07,4,0.045550113963371754,0.04769492341344825,False,True,1,True
2023-07-10,4,0.04081344748262688,0.04897133916959806,False,False,0,False
2023-07-11,4,0.05282552878329507,0.04891499206966809,True,True,1,True
2023-07-12,4,0.009629008607919425,0.04300874594604942,False,False,0,False
2023-07-13,4,0.0060081924244822105,0.04282072771916317,False,False,0,False
2023-07-14,3,0.040072061478404565,0.04483838665413284,False,False,0,False
2023-07-17,3,0.04331020791941867,0.04442528260313459,False,True,1,True
2023-07-18,3,0.029711111957227733,0.0423267471577695,False,False,0,False
2023-07-19,3,0.02929816293316422,0.04122314333010638,False,False,0,False
2023-07-20,3,0.015015321366503895,0.036859101674747284,False,False,0,False
2023-07-21,3,0.003364399314340842,0.032013951270870436,False,False,0,False
2023-07-24,4,0.014389660070102405,0.03493136524802121,False,False,0,False
2023-07-25,4,0.015395622974450069,0.03410581367247599,False,False,0,False
2023-07-26,4,-0.010753551658673146,0.03058864362896998,False,False,0,False
2023-07-27,4,-0.017987035042410622,0.029140914446343397,False,False,0,False
2023-07-28,4,-0.006678156398367505,0.03257356763731434,False,False,0,False
2023-07-31,4,-0.009391441731154202,0.033121210193609196,False,False,0,False
2023-08-01,4,0.009420314198810675,0.03210127950051762,False,False,0,False
2023-08-02,4,0.014694898683253011,0.0321045011724466,False,False,0,False
2023-08-03,4,0.02746768741948253,0.034250194048616754,False,True,1,True
2023-08-04,4,0.016695777376164296,0.03170068903193945,False,False,0,False
2023-08-07,4,-0.03438094451412833,0.025391793289995905,False,False,0,False
2023-08-08,4,-0.049353440277024915,0.022588384143964073,False,False,0,False
2023-08-09,4,-0.05229113408938081,0.01763954599102197,False,False,0,False
2023-08-10,4,0.028011843504651857,0.020014515427477324,True,True,1,True
2023-08-11,3,0.005698150099927371,0.0193598124870458,False,False,0,False
2023-08-14,3,0.003077286158007392,0.02135640065842679,False,False,0,False
2023-08-15,3,-0.0003351931030246436,0.018272938568372248,False,False,0,False
2023-08-16,3,-0.010349789278279719,0.01581779609892647,False,False,0,False
2023-08-17,3,-0.0045808899676428785,0.019215299184171215,False,False,0,False
2023-08-18,3,-0.006511177718938872,0.014089386607686664,False,False,0,False
2023-08-21,4,0.02114901190995927,0.01903381942448254,True,True,1,True
2023-08-22,4,0.047813260555687756,0.023982906611688552,True,False,0,False
2023-08-23,4,0.011287607655162736,0.01743887356782963,False,True,1,True
2023-08-24,4,0.04042274331982453,0.023080835829702794,True,False,0,False
2023-08-25,4,0.00632920142391863,0.016777472735425965,False,True,1,True
2023-08-28,4,0.056907876816494285,0.028131693384185086,True,False,0,False
2023-08-29,4,0.04339313829448336,0.023536373071826648,True,False,0,False
2023-08-30,4,0.05187941698181249,0.024697950309765626,True,False,0,False
2023-08-31,4,-0.008899316949877148,0.01965910064904314,False,False,0,False
2023-09-01,4,0.030785966493875216,0.02320803840528622,True,True,1,True
2023-09-04,4,0.01733291333538206,0.022441364209581455,False,False,0,False
2023-09-05,4,0.04092346110810176,0.02575878676876838,True,False,0,False
2023-09-06,4,0.10742618353724316,0.02853133392566736,True,False,0,False
2023-09-07,4,0.056062203789147266,0.026656223957443798,True,False,0,False
2023-09-08,3,0.06458505569344926,0.03557871412309104,True,False,0,False
2023-09-11,3,0.060849109756764795,0.03302071101130681,True,False,0,False
2023-09-12,3,0.049575271198548286,0.030706345755049727,True,False,0,False
2023-09-13,3,0.05431010170093642,0.033761108493711556,True,False,0,False
2023-09-14,3,0.03394450584132081,0.03355229930086094,False,True,1,True
2023-09-15,3,0.03866191511303098,0.03484614651534801,True,False,0,False
2023-09-18,4,0.014822185598705998,0.031417149888634914,False,False,0,False
2023-09-19,4,-0.005401651093179428,0.02438315079023661,False,False,0,False
2023-09-20,4,0.0021717736400516195,0.021798444274232418,False,False,0,False
2023-09-21,4,0.00815129307729641,0.024372611935334285,False,False,0,False
2023-09-22,4,-0.014967269745906715,0.018656485043316337,False,False,0,False
2023-09-25,4,0.0015295089662339893,0.023061052448970526,False,False,0,False
2023-09-26,4,-0.023572424744340653,0.02070969338968085,False,False,0,False
2023-09-27,4,-0.04524939497460968,0.02085920933681823,False,False,0,False
2023-09-28,4,0.02983979578325291,0.03061624552915375,False,True,1,True
2023-10-09,4,0.03622155395457468,0.02999799853966932,True,True,1,True
2023-10-10,4,0.06290190744257326,0.034461296246065865,True,False,0,False
2023-10-11,4,0.12347636508421034,0.03875275719970456,True,False,0,False
2023-10-12,4,0.09038928483446293,0.03618690829784099,True,False,0,False
2023-10-13,3,0.029845522922603555,0.030520392391475415,False,True,1,True
2023-10-16,3,0.05485253030717252,0.03584316751488014,True,False,0,False
2023-10-17,3,0.043990527073892546,0.03594955712400411,True,False,0,False
2023-10-18,3,0.05275435035428229,0.03582435154529851,True,False,0,False
2023-10-19,3,0.03886791185612473,0.0364124799117497,True,True,1,True
2023-10-20,3,0.031168033389773413,0.036662386191173284,False,True,1,True
2023-10-23,4,0.09657265118354096,0.04774050463445557,True,False,0,False
2023-10-24,4,0.11898285313159826,0.05149972458104659,True,False,0,False
2023-10-25,4,0.111954472839471,0.053896624091100194,True,False,0,False
2023-10-26,4,0.09527745357152846,0.05282579227346612,True,False,0,False
2023-10-27,4,0.040629418554599804,0.043347258742981114,False,False,0,False
2023-10-30,4,0.10581268609689705,0.04789331516970555,True,False,0,False
2023-10-31,4,0.09069118783483444,0.04665197455890649,True,False,0,False
2023-11-01,4,0.08996150215409715,0.046728597895110906,True,False,0,False
2023-11-02,4,0.04359550738774487,0.043826502452102366,False,True,1,True
2023-11-03,4,0.07603500451273036,0.04328110825448261,True,True,1,True
2023-11-06,4,0.061935950514723864,0.04276592701288014,True,True,1,True
2023-11-07,4,0.10767176926662525,0.04632636433455267,True,True,1,True
2023-11-08,4,0.17527685410248572,0.05039669274534442,True,False,0,False
2023-11-09,4,0.20437667536871726,0.05036512487022612,True,False,0,False
2023-11-10,3,0.0860123922772491,0.05304727244649567,True,False,0,False
2023-11-13,3,0.10112913583392373,0.05966813210163039,True,False,0,False
2023-11-14,3,0.1153530681394736,0.06478428252378171,True,False,0,False
2023-11-15,3,0.11066935043314903,0.06601953192377678,True,False,0,False
2023-11-16,3,0.1210381241290075,0.06929510732856976,True,False,0,False
2023-11-17,3,0.10492045693129085,0.07087386753866828,True,False,0,False
2023-11-20,4,0.09532727219415099,0.07147414341218536,True,False,0,False
2023-11-21,4,0.12426203805549085,0.07403027984679951,True,False,0,False
2023-11-22,4,0.10784762153299482,0.06917458988719423,True,True,1,True
2023-11-23,4,0.06557888390886055,0.06098648875781783,True,True,1,True
2023-11-24,4,0.10577927315136067,0.0651121803206633,True,False,0,False
2023-11-27,4,0.10023559427280741,0.07077419864188286,True,False,0,False
2023-11-28,4,0.1553836080400818,0.0774438132424205,True,False,0,False
2023-11-29,4,0.14334802380577935,0.07757690827599548,True,False,0,False
2023-11-30,4,0.17710552944991848,0.08566507191742183,True,False,0,False
2023-12-01,4,0.16512884730868505,0.08646120129805884,True,False,0,False
2023-12-04,4,0.26252077285717873,0.0955062315261558,True,False,0,False
2023-12-05,4,0.18958705655822747,0.10184254233687211,True,False,0,False
2023-12-06,4,0.16479960321270026,0.10087150733550311,True,True,2,True
2023-12-07,4,0.05880587539456747,0.07539673486671589,False,True,1,True
2023-12-08,3,0.05973659784532708,0.07227250717791858,False,True,1,True
2023-12-11,3,0.07052741057955464,0.07509789530935071,False,True,1,True
2023-12-12,3,0.06467138683785222,0.07299969456798283,False,True,1,True
2023-12-13,3,0.07272933472769322,0.07851308336968049,False,True,1,True
2023-12-14,3,0.07259026010246825,0.07664500884158502,False,True,1,True
2023-12-15,3,0.09736051291400583,0.07986194260268435,True,False,0,False
2023-12-18,4,0.060115740491243644,0.07127150016130054,False,True,1,True
2023-12-19,4,0.06241831100721594,0.06866648841323343,False,True,1,True
2023-12-20,4,0.04694366287500806,0.06637913106902661,False,False,0,False
2023-12-21,4,0.07455557577248664,0.07255649436007827,True,True,1,True
2023-12-22,4,0.038904707290729174,0.06850173686979272,False,False,0,False
2023-12-25,4,0.05690600042901469,0.07529398347974965,False,False,0,False
2023-12-26,4,0.052114533310239915,0.07438896725251509,False,True,2,True
2023-12-27,4,0.07613400243214223,0.0790679516627583,False,True,2,True
2023-12-28,4,0.01996079213646022,0.06599561413966708,False,False,0,False
2023-12-29,4,-0.008381050637831433,0.06001158554230585,False,False,0,False
2024-01-02,4,0.08192249183169463,0.07041626173709763,True,True,1,True
2024-01-03,4,0.06518710896497423,0.07111360085369231,False,True,2,True
2024-01-04,4,0.08244201498412931,0.07450544186475515,True,True,2,True
2024-01-05,4,0.06137306160189924,0.07729636491802173,False,True,1,True
2024-01-08,4,0.32572363290743606,0.10916083228002137,True,False,0,False
2024-01-09,4,0.23395298232654538,0.1033831644608725,True,False,0,False
2024-01-10,4,0.18814234231004007,0.09842814593491594,True,False,0,False
2024-01-11,4,0.12950816394561354,0.08373044140379118,True,False,0,False
2024-01-12,3,0.14003681270715204,0.0946079180766399,True,False,0,False
2024-01-15,3,0.17479840170482733,0.10127684783007125,True,False,0,False
2024-01-16,3,0.1984724654454619,0.10567663943701015,True,False,0,False
2024-01-17,3,0.36590032761658386,0.1369956715839855,True,False,0,False
2024-01-18,3,0.3022828121518316,0.13124069484812795,True,False,0,False
2024-01-19,3,0.29093792272803476,0.12313004929566268,True,False,0,False
2024-01-22,3,0.42194008881897466,0.14519534110266902,True,False,0,False
2024-01-23,4,0.3180800375801014,0.1159286867385144,True,False,0,False
2024-01-24,4,0.22304508135006867,0.1012094865688315,True,False,0,False
2024-01-25,4,0.05407130013055519,0.07980408159434511,False,True,1,True
2024-01-26,4,0.26047861133593975,0.10377887377847181,True,False,0,False
2024-01-29,4,0.37700467166469076,0.11132950997198247,True,False,0,False
2024-01-30,4,0.4916813039301253,0.12459077781868876,True,False,0,False
2024-01-31,4,0.4378507058918418,0.1256819804958565,True,False,0,False
2024-02-01,4,0.4550627732727383,0.12212813616306742,True,False,0,False
2024-02-02,3,0.30084935463815515,0.13752360473566216,True,False,0,False
2024-02-05,2,0.2671076378923352,0.1911910861823657,True,False,0,False
2024-02-06,3,0.0722196204908196,0.09328264167116516,False,True,1,True
2024-02-07,3,0.02574159392269567,0.07028914154387852,False,False,0,False
2024-02-08,3,0.0450825700379375,0.07601397207823585,False,False,0,False
2024-02-19,3,0.20690430130140317,0.10824646457519446,True,False,0,False
2024-02-20,4,0.1680282459919446,0.10239061983764203,True,False,0,False
2024-02-21,4,0.2193833205178439,0.10909227863048908,True,False,0,False
2024-02-22,4,0.10048969146697223,0.09253499196862792,True,True,2,True
2024-02-23,4,0.04101072281417983,0.08484481883363197,False,True,1,True
2024-02-26,4,0.14848356006930538,0.09910174992486884,True,False,0,False
2024-02-27,4,0.04197616926212935,0.08523866990759026,False,True,1,True
2024-02-28,4,0.15042655622222983,0.09818565341728105,True,False,0,False
2024-02-29,4,0.05888959301535871,0.08680559079209234,False,True,1,True
2024-03-01,4,0.058934785816166,0.08562729142274501,False,True,1,True
2024-03-04,4,0.23936101580953587,0.10224470857002178,True,False,0,False
2024-03-05,4,0.37779417486259,0.11251328529322402,True,False,0,False
2024-03-06,4,0.2509582479275661,0.10397871321054973,True,False,0,False
2024-03-07,4,0.21599852936024058,0.10152760359091685,True,False,0,False
2024-03-08,3,0.12302743156699356,0.10217952798892983,True,False,0,False
2024-03-11,3,0.10211978423763109,0.10034890483526014,True,True,1,True
2024-03-12,3,0.10002902718011995,0.09928383501273146,True,True,1,True
2024-03-13,3,0.10061106295243197,0.09826067483174891,True,True,1,True
2024-03-14,3,0.106037993440552,0.10131543821368239,True,True,1,True
2024-03-15,3,0.05886185619160853,0.089053031764028,False,True,1,True
2024-03-18,4,0.0305308206101707,0.08069543923963236,False,True,1,True
2024-03-19,4,0.06773873945202258,0.08694291716345912,False,True,1,True
2024-03-20,4,0.07917977608083009,0.08947528681648209,False,True,1,True
2024-03-21,4,0.08518818048482842,0.09021930358836544,False,True,1,True
2024-03-22,4,0.10413425837496185,0.09462028435963385,True,True,1,True
2024-03-25,4,0.09473982056272781,0.09855635498024046,False,True,1,True
2024-03-26,4,0.14542740756546133,0.10582539228931247,True,False,0,False
2024-03-27,4,0.16740669305830852,0.11324660053429247,True,False,0,False
2024-03-28,4,0.1200024790840392,0.10721323551060649,True,True,1,True
2024-03-29,4,0.11520259218944301,0.10473374471415133,True,True,2,True
2024-04-01,4,0.07794918628833247,0.09352826870662312,False,True,1,True
2024-04-02,4,0.11228008809745882,0.0971041121213068,True,True,2,True
2024-04-03,4,0.12926965041605665,0.10514153385449626,True,False,0,False
2024-04-08,4,0.2738806572359564,0.12261966473734012,True,False,0,False
2024-04-09,4,0.22279570586206515,0.11606682086031185,True,False,0,False
2024-04-10,4,0.25547438420655993,0.12137004946085206,True,False,0,False
2024-04-11,4,0.21188341604107047,0.12011750173230766,True,False,0,False
2024-04-12,3,0.19362570271531318,0.12698219024715227,True,False,0,False
2024-04-15,3,0.21461770450872342,0.1343583773039392,True,False,0,False
2024-04-16,3,0.20880492595159048,0.13055432910722334,True,False,0,False
2024-04-17,3,0.1494021323920468,0.11794679416546501,True,True,1,True
2024-04-18,3,0.14985408276311507,0.1146619473621322,True,False,0,False
2024-04-19,3,0.21328530076047697,0.12636618976728894,True,False,0,False
2024-04-22,4,0.18025503586196648,0.10459603442315468,True,False,0,False
2024-04-23,4,0.22302730012158392,0.1094450410781749,True,False,0,False
2024-04-24,4,0.11351156584456862,0.09532678193846145,True,True,1,True
2024-04-25,4,0.13726958261746078,0.09763513118109694,True,True,1,True
2024-04-26,4,0.04156810920818517,0.08365634276333969,False,True,1,True
2024-04-29,4,-0.0330120094908523,0.07224086569029582,False,False,0,False
2024-04-30,4,0.03367020505184548,0.07465767429724823,False,True,1,True
2024-05-06,4,0.0945897563551835,0.07435744233856231,True,False,0,False
2024-05-07,4,0.11466625140915426,0.08022256677867871,True,False,0,False
2024-05-08,4,0.12030112712795306,0.08656603287960223,True,True,1,True
2024-05-09,4,0.08507013879921817,0.08009166847651301,True,True,1,True
2024-05-10,3,0.12129375347532087,0.08525865737231243,True,False,0,False
2024-05-13,3,0.1364022116493195,0.09029356775558747,True,False,0,False
2024-05-14,3,0.14793853676865193,0.09100104009066982,True,False,0,False
2024-05-15,3,0.1398635327677956,0.09029299288417113,True,False,0,False
2024-05-16,3,0.1463785029986002,0.0905216203530118,True,False,0,False
2024-05-17,3,0.07454324565249662,0.07639143650136794,False,True,1,True
2024-05-20,4,0.12370250972373491,0.083438430658357,True,False,0,False
2024-05-21,4,0.13473335348608892,0.08696508255451559,True,False,0,False
2024-05-22,4,0.14065948720310117,0.08663869464632012,True,False,0,False
2024-05-23,4,0.1359214619649279,0.08671448709300954,True,False,0,False
2024-05-24,4,0.1561813358345522,0.08954054707173481,True,False,0,False
2024-05-27,4,0.18770870485170255,0.09462067749457796,True,False,0,False
2024-05-28,4,0.20046474217772445,0.0999792908658577,True,False,0,False
2024-05-29,4,0.20686927481016637,0.10075908966215058,True,False,0,False
2024-05-30,4,0.14533797993351158,0.09390279500155127,True,False,0,False
2024-05-31,4,0.14863696007041244,0.09177056590594529,True,False,0,False
2024-06-03,4,0.2363103838027112,0.10366656844780699,True,False,0,False
2024-06-04,4,0.18734622184522637,0.09899871508747356,True,False,0,False
2024-06-05,4,0.16034892380878507,0.09707824952186117,True,False,0,False
2024-06-06,4,0.152631574620612,0.09584509142482212,True,False,0,False
2024-06-07,4,0.21775566153279696,0.10011669319583036,True,False,0,False
2024-06-11,4,0.1605648521210548,0.09675177863045811,True,False,0,False
2024-06-12,4,0.254462510383181,0.10416259234958127,True,False,0,False
2024-06-13,4,0.2646948836326092,0.10926198272846385,True,False,0,False
2024-06-14,3,0.11369844325800114,0.09512563342663476,True,False,0,False
2024-06-17,3,0.12753246535226467,0.09993741669142761,True,False,0,False
2024-06-18,3,0.1091092131015176,0.09272946935677738,True,False,0,False
2024-06-19,3,0.13066850773984784,0.10007682407146531,True,False,0,False
2024-06-20,3,0.13722226668164764,0.10134994615046002,True,False,0,False
2024-06-21,3,0.16145404168970134,0.10404242751822038,True,False,0,False
2024-06-24,4,0.15607627654271056,0.10824294566756347,True,False,0,False
2024-06-25,4,0.12409304163836665,0.10435392240292414,True,False,0,False
2024-06-26,4,0.10636013068518536,0.09824909496694768,True,True,1,True
2024-06-27,4,0.10546487198116788,0.09933749502073644,True,True,2,True
2024-06-28,4,0.16281668805713037,0.1053512236713794,True,False,0,False
2024-07-01,4,0.1807712769469041,0.10646171700152363,True,False,0,False
2024-07-02,4,0.1748068238235791,0.10820179195788339,True,False,0,False
2024-07-03,4,0.16046520633520425,0.10700222489697236,True,False,0,False
2024-07-04,4,0.16763714144034725,0.11084893756542731,True,False,0,False
2024-07-05,4,0.1798769758203795,0.10943494112731149,True,False,0,False
2024-07-08,4,0.19343823026889428,0.11593215940864308,True,False,0,False
2024-07-09,4,0.208303091257436,0.11185513463410934,True,False,0,False
2024-07-10,4,0.15789306605995768,0.10531231062245552,True,False,0,False
2024-07-11,4,0.11546084807097708,0.09864909896523083,True,False,0,False
2024-07-12,3,0.11661901312416785,0.09847298007571699,True,False,0,False
2024-07-15,3,0.14499190997063585,0.10782656875902406,True,False,0,False
2024-07-16,3,0.16269021282138674,0.11454531811548485,True,False,0,False
2024-07-17,3,0.16728653527098017,0.11989193657521804,True,False,0,False
2024-07-18,3,0.14908478595183117,0.11461880021734978,True,False,0,False
2024-07-19,3,0.17811312213366604,0.11765793902459772,True,False,0,False
2024-07-22,4,0.1764409444978774,0.10690156462906221,True,False,0,False
2024-07-23,4,0.2174923535027387,0.1150352780862089,True,False,0,False
2024-07-24,4,0.2037205518237154,0.11572184749382465,True,False,0,False
2024-07-25,4,0.19069918381714013,0.11359766590291868,True,False,0,False
2024-07-26,4,0.14418015360866365,0.10807652657189028,True,False,0,False
2024-07-29,4,0.18987513874756856,0.11516368941476468,True,False,0,False
2024-07-30,4,0.20048465571551013,0.11359328882572214,True,False,0,False
2024-07-31,4,-0.010601802597960721,0.08240708246600364,False,False,0,False
2024-08-01,4,0.10005591925551534,0.0940459390974707,True,True,1,True
2024-08-02,4,0.10084484943401929,0.09787307936297261,True,True,1,True
2024-08-05,4,0.06141138093555545,0.09818246475608636,False,True,1,True
2024-08-06,4,0.14364152422237203,0.10077551336936333,True,False,0,False
2024-08-07,4,0.1938410224410432,0.10760394080337757,True,False,0,False
2024-08-08,4,0.052569947126460154,0.0982252759437238,False,True,1,True
2024-08-09,3,0.14684057166167058,0.10797599467804087,True,False,0,False
2024-08-12,3,0.1110006248308278,0.10008569455233118,True,False,0,False
2024-08-13,3,0.1317763034926558,0.10277768684613833,True,False,0,False
2024-08-14,3,0.13796375341056485,0.10795184899826467,True,False,0,False
2024-08-15,3,0.13267648222193634,0.10764296783196887,True,False,0,False
2024-08-16,3,0.12728525881941513,0.10670674778581757,True,False,0,False
2024-08-19,4,0.11148546500274653,0.10333056136372806,True,True,1,True
2024-08-20,4,0.12183662298764758,0.10659964810782432,True,True,1,True
2024-08-21,4,0.08465322366294037,0.09980956178190013,False,True,1,True
2024-08-22,4,0.06739951000529242,0.09962363860086003,False,True,1,True
2024-08-23,4,0.0754858683310167,0.09746663812508448,False,True,1,True
2024-08-26,4,0.08955243442164902,0.0980644674791589,False,True,1,True
2024-08-27,4,0.0738907966897301,0.09826639804683365,False,True,1,True
2024-08-28,4,0.0882151143961176,0.10000854505767841,False,True,1,True
2024-08-29,4,0.07189375483755704,0.09555825669290574,False,True,2,True
2024-08-30,4,0.04776316540609908,0.0910188595832823,False,False,0,False
2024-09-02,4,0.09002439491638582,0.09840649578535113,False,True,1,True
2024-09-03,4,0.13559926315723114,0.1047499307180974,True,False,0,False
2024-09-04,4,0.09224573089951911,0.10150167708148551,False,True,1,True
2024-09-05,4,0.07068969636645964,0.0975456873665022,False,True,1,True
2024-09-06,4,0.08870031810502241,0.10377524686612948,False,True,1,True
2024-09-09,4,0.1555057412924763,0.10713816356251449,True,False,0,False
2024-09-10,4,0.14084893013125566,0.10645616140765717,True,True,1,True
2024-09-11,3,0.15076110962988945,0.10818278167973192,True,False,0,False
2024-09-12,3,0.12756594863117132,0.10470610442052013,True,False,0,False
2024-09-13,3,0.11632248177387886,0.1039771297676523,True,False,0,False
2024-09-18,3,0.12382639740952756,0.11080596765593946,True,False,0,False
2024-09-19,3,0.11050445827840817,0.10782158434621092,True,True,1,True
2024-09-20,3,0.16321724022834336,0.1152847442932631,True,False,0,False
2024-09-23,4,0.13976383393055444,0.1113048369537568,True,False,0,False
2024-09-24,4,-0.02897492277838025,0.08240904668992442,False,False,0,False
2024-09-25,4,0.041171153930383675,0.08754645957813002,False,False,0,False
2024-09-26,4,-0.2720753498592985,0.04510949902305447,False,False,0,False
2024-09-27,3,-0.27219623198398724,-0.015294303963736685,False,False,0,False
2024-09-30,4,-0.47812629244651367,0.02380127074748563,False,False,0,False
2024-10-08,4,-0.07348466867464296,0.04325209514101279,False,False,0,False
2024-10-09,4,-0.12218295381035417,0.04841724720132133,False,False,0,False
2024-10-10,4,-0.05405007773936389,0.052141806569402066,False,False,0,False
2024-10-11,3,0.046049207413671696,0.0597379960329573,False,False,0,False
2024-10-14,3,0.0465593099448173,0.06880481080374667,False,False,0,False
2024-10-15,3,0.12082378623510118,0.08884154741378217,True,False,0,False
2024-10-16,3,0.05998059531803722,0.07263902944415028,False,False,0,False
2024-10-17,3,0.0911054768189481,0.08557030312342699,True,True,1,True
2024-10-18,3,0.04934764087953856,0.05944059214587511,False,True,1,True
2024-10-21,4,0.05915595342410681,0.0663964573319047,False,True,1,True
2024-10-22,4,0.04860740272774093,0.06844915376237207,False,False,0,False
2024-10-23,4,0.044125326835998235,0.06735544236327454,False,False,0,False
2024-10-24,4,0.020849118831591944,0.06587452059727104,False,False,0,False
2024-10-25,4,-0.0433190593389478,0.05647836938145694,False,False,0,False
2024-10-28,4,0.05097048622314092,0.06619927023142962,False,False,0,False
2024-10-29,4,0.03294240663050181,0.06820890315149025,False,False,0,False
2024-10-30,4,0.05913617967790629,0.07243542481466782,False,False,0,False
2024-10-31,4,0.09124370184136005,0.0765209192849225,True,True,1,True
2024-11-01,4,0.0652052822488514,0.07351535665093058,False,True,1,True
2024-11-04,4,-0.04098058631429242,0.06818543482105208,False,False,0,False
2024-11-05,4,-0.06793971083736594,0.06469378004462714,False,False,0,False
2024-11-06,4,0.010638071423302647,0.07214942192307364,False,False,0,False
2024-11-07,4,-0.01191358123746807,0.06842026285361898,False,False,0,False
2024-11-08,3,0.06649337194695132,0.07654804983852692,False,False,0,False
2024-11-11,3,0.128085615989684,0.09120614407239383,True,False,0,False
2024-11-12,3,0.1277243770474693,0.09117477324058516,True,False,0,False
2024-11-13,3,0.12211327904467165,0.0901331824948858,True,False,0,False
2024-11-14,3,0.06289063312407571,0.08297457292198873,False,False,0,False
2024-11-15,3,0.04993685156093794,0.07921842730079863,False,False,0,False
2024-11-18,4,0.048701550814097605,0.08018754792494955,False,False,0,False
2024-11-19,4,0.0787201540633129,0.08319432271315255,False,True,1,True
2024-11-20,4,0.1209786550506643,0.09334808893262074,True,False,0,False
2024-11-21,4,0.15393017043300739,0.0998714335131986,True,False,0,False
2024-11-22,4,0.17546768636509139,0.11136016867292302,True,False,0,False
2024-11-25,4,0.14051223183584513,0.10440143798809769,True,False,0,False
2024-11-26,4,0.1679999748205698,0.10845626606301995,True,False,0,False
2024-11-27,4,0.0889407243579884,0.09145270266085569,False,True,1,True
2024-11-28,4,0.13799695135424972,0.10261292553749564,True,True,1,True
2024-11-29,4,0.10130301165849671,0.09388891896372843,True,True,1,True
2024-12-02,4,0.1436937803598794,0.09871168344691705,True,True,1,True
2024-12-03,4,0.12712337697436837,0.09593718839266169,True,True,1,True
2024-12-04,4,0.122905846321074,0.09678903676271126,True,True,1,True
2024-12-05,4,0.12012667745227323,0.09880742694558152,True,True,1,True
2024-12-06,4,0.07564248149765658,0.09358030331544709,False,True,2,True
2024-12-09,4,0.18344186793964543,0.10285331161469187,True,False,0,False
2024-12-10,4,0.03231886610491374,0.09005471620168044,False,False,0,False
2024-12-11,4,0.1069735564070963,0.09402486399808253,True,True,1,True
2024-12-12,4,0.09143258930220959,0.09443458346717348,False,True,1,True
2024-12-13,3,0.06851969420401108,0.09556184637237243,False,False,0,False
2024-12-16,3,0.09971491850859954,0.10429645431820224,False,False,0,False
2024-12-17,3,0.08379792728329127,0.10007831715719348,False,False,0,False
2024-12-18,3,0.09844663430348256,0.10283589698804739,False,False,0,False
2024-12-19,3,0.06636604797328656,0.09629144616930574,False,False,0,False
2024-12-20,3,0.10761517227668042,0.10359810668556713,True,True,1,True
2024-12-23,4,0.08842798885426256,0.09889280574034873,False,False,0,False
2024-12-24,4,0.09376081217054415,0.09936461364773846,False,True,2,True
2024-12-25,4,0.050793859037317236,0.0931924316263539,False,False,0,False
2024-12-26,4,0.091954465193496,0.09805865939893668,False,True,1,True
2024-12-27,4,0.09315295292161825,0.09796030156224628,False,True,1,True
2024-12-30,4,0.05168665288474627,0.09316722901796219,False,False,0,False
2024-12-31,4,0.1211649621076829,0.102431662393523,True,False,0,False
2025-01-02,4,0.08716213484609608,0.10256076506685528,False,False,0,False
2025-01-03,4,0.01490657871344228,0.09174382617853206,False,False,0,False
2025-01-06,4,0.06642583408880905,0.09747910927517517,False,False,0,False
2025-01-07,4,0.11727483872522616,0.10281980735970443,True,True,1,True
2025-01-08,4,0.15081473100543955,0.10513518184107185,True,False,0,False
2025-01-09,4,0.2482307089460402,0.11205174263617453,True,False,0,False
2025-01-10,3,0.11259877115042573,0.10533585989960442,True,True,1,True
2025-01-13,3,0.0972820764616835,0.09932204520340367,False,True,1,True
2025-01-14,3,0.06575742418000446,0.09201374540125405,False,False,0,False
2025-01-15,3,0.09185575655498575,0.09808780369086394,False,True,1,True
2025-01-16,3,0.11600949922266492,0.1020024451795799,True,True,1,True
2025-01-17,3,0.0796180871477023,0.09382767531193942,False,False,0,False
2025-01-20,4,0.08462278082762292,0.09222858579234937,False,True,2,True
2025-01-21,4,0.07833596726490247,0.09174554803208514,False,True,1,True
2025-01-22,4,0.047212096925158015,0.08769674850080224,False,True,1,True
2025-01-23,4,0.07000095053620162,0.09133614423794066,False,False,0,False
2025-01-24,4,-0.006151980000905563,0.08193174139949441,False,False,0,False
2025-01-27,4,0.07918817524132926,0.09059127151132897,False,True,1,True
2025-02-05,4,0.06743903480195781,0.09103931653029607,False,False,0,False
2025-02-06,4,0.07957206630410835,0.09197933439656295,False,True,1,True
2025-02-07,4,0.03889378862145947,0.08783232483426527,False,False,0,False
2025-02-10,4,0.13978158263020118,0.09527517190439515,True,False,0,False
2025-02-11,4,0.06515727392455628,0.09359655471932513,False,True,1,True
2025-02-12,4,0.10625368936858708,0.0964415310221083,True,False,0,False
2025-02-13,4,-0.006306997811297179,0.09242024251519754,False,False,0,False
2025-02-14,3,0.08239218657656788,0.09518986446631361,False,True,1,True
2025-02-17,3,0.11544331858074498,0.10307829876503899,True,False,0,False
2025-02-18,3,0.06930720571854926,0.09620173835342377,False,False,0,False
2025-02-19,3,0.09992124728132565,0.10089193519724456,False,True,1,True
2025-02-20,3,0.1617023960673476,0.10938593917593828,True,False,0,False
2025-02-21,3,0.10938820788649625,0.10217375362898988,True,False,0,False
2025-02-24,4,0.20902610450974657,0.11755727323953337,True,False,0,False
2025-02-25,4,0.18362751055893325,0.11825307719443881,True,False,0,False
2025-02-26,4,0.2437503146228665,0.13137924915058283,True,False,0,False
2025-02-27,4,0.2136357450421903,0.12577154652608646,True,False,0,False
2025-02-28,4,0.1181496492612455,0.11510944306577274,True,True,1,True
2025-03-03,4,0.1766334428992841,0.12001313235770746,True,False,0,False
2025-03-04,4,0.24697810672677273,0.12860891759569287,True,False,0,False
2025-03-05,4,0.2867001803935963,0.13541340132777432,True,False,0,False
2025-03-06,4,0.21576043566740985,0.12877537435177625,True,False,0,False
2025-03-07,4,0.22095919360291333,0.1333837321369912,True,False,0,False
2025-03-10,4,0.4058503372184388,0.14899977542147064,True,False,0,False
2025-03-11,4,0.30275010996117546,0.14434298561613648,True,False,0,False
2025-03-12,4,0.29736176859292723,0.14550850676194707,True,False,0,False
2025-03-13,4,0.2717055392058256,0.1379834715108937,True,False,0,False
2025-03-14,3,0.1231497378762491,0.12010462951234145,True,True,1,True
2025-03-17,3,0.20563670714081728,0.13954138526012097,True,False,0,False
2025-03-18,3,0.19448381711618046,0.13791262636731133,True,False,0,False
2025-03-19,3,0.165923611059338,0.1346842628985609,True,False,0,False
2025-03-20,3,0.16930209338132224,0.13538589113548044,True,False,0,False
2025-03-21,3,0.1904501096683752,0.13817935696063968,True,False,0,False
2025-03-24,4,0.186318381999109,0.13599198815212982,True,False,0,False
2025-03-25,4,0.15103171072955926,0.12977393870347145,True,False,0,False
2025-03-26,4,0.19101601372145713,0.13346090929402657,True,False,0,False
2025-03-27,4,0.13620406340737481,0.12925108012004485,True,True,1,True
2025-03-28,4,0.16962054768096366,0.13196797779550745,True,True,2,True
2025-03-31,4,0.14300084019839016,0.132079010778143,True,True,1,True
2025-04-01,4,0.1950380018014061,0.1394573374462199,True,False,0,False
2025-04-02,4,0.14958750096671722,0.13317286783757712,True,True,1,True
2025-04-03,4,0.1514937974000682,0.13280546260738776,True,True,1,True
2025-04-07,4,-0.26842276505303353,0.10020563881995738,False,False,0,False
2025-04-08,4,0.38924143030927977,0.16330804079297756,True,False,0,False
2025-04-09,4,0.37433581178212627,0.16342931552143908,True,False,0,False
2025-04-10,4,0.2946619356146211,0.15622874208755502,True,False,0,False
2025-04-11,3,0.20287858930349614,0.14979768966384605,True,False,0,False
2025-04-14,3,0.30027073527798825,0.17498671122671405,True,False,0,False
2025-04-15,3,0.26625980165215896,0.1728921540372494,True,False,0,False
2025-04-16,3,0.28432121255552395,0.17482488500916663,True,False,0,False
2025-04-17,3,0.22398999118172802,0.15559353315188243,True,False,0,False
2025-04-18,3,0.24595431642091295,0.15844067552137428,True,False,0,False
2025-04-21,4,0.23394631361592952,0.13963919308055195,True,False,0,False
2025-04-22,4,0.23231410015042933,0.14094238832659672,True,False,0,False
2025-04-23,4,0.21547297414659466,0.13434835344669482,True,False,0,False
2025-04-24,4,0.18750686701065278,0.13277350551720113,True,False,0,False
2025-04-25,4,0.20144386553144328,0.1312377288374258,True,False,0,False
2025-04-28,4,0.19917207858072114,0.13095343091924483,True,False,0,False
2025-04-29,4,0.16067760727802202,0.12943463606331945,True,True,1,True
2025-04-30,4,0.21851799862406443,0.13608346669975238,True,False,0,False
2025-05-06,4,0.23127838815793497,0.1373820525546609,True,False,0,False
2025-05-07,4,0.2790504433068794,0.14038784191748377,True,False,0,False
2025-05-08,4,0.21576349131789094,0.13864238823864392,True,False,0,False
2025-05-09,3,0.20552233338013282,0.13978450226300065,True,False,0,False
2025-05-12,3,0.20031183045067893,0.1399091057707788,True,False,0,False
2025-05-13,3,0.2437545031009929,0.14843010938981274,True,False,0,False
2025-05-14,3,0.1945249324818455,0.13977362296953105,True,False,0,False
2025-05-15,3,0.18965494912300168,0.141130357743964,True,False,0,False
2025-05-16,3,0.24156584313800278,0.15219587050442535,True,False,0,False
2025-05-19,4,0.2248267300966136,0.15794949694444946,True,False,0,False
2025-05-20,4,0.24487549677307638,0.16722098526995527,True,False,0,False
2025-05-21,4,0.2660289202946824,0.1694739659245176,True,False,0,False
2025-05-22,4,0.24976706732164772,0.16723389995323124,True,False,0,False
2025-05-23,4,0.2688112836060941,0.16942229914076118,True,False,0,False
2025-05-26,4,0.24939190704368736,0.17329948255771316,True,False,0,False
2025-05-27,4,0.2390107528349685,0.17110626666986764,True,False,0,False
2025-05-28,4,0.2333345883362755,0.1670949868325114,True,False,0,False
2025-05-29,4,0.17123280175489153,0.15549025782951093,True,True,1,True
2025-05-30,4,0.19002301052371584,0.15927237772996078,True,True,1,True
2025-06-03,4,0.23807871906224326,0.1673696436979724,True,False,0,False
2025-06-04,4,0.24500806357387758,0.1691204813870196,True,False,0,False
2025-06-05,4,0.25054461192989913,0.16982590848768989,True,False,0,False
2025-06-06,4,0.22366966238646152,0.16570612856087444,True,False,0,False
2025-06-09,4,0.23796822570284956,0.16256611428643905,True,False,0,False
2025-06-10,4,0.2519885728877404,0.16433683346261674,True,False,0,False
2025-06-11,4,0.2543554254035334,0.16185679830985192,True,False,0,False
2025-06-12,4,0.24728446846164207,0.16308355064038027,True,False,0,False
2025-06-13,3,0.20284381187015102,0.16081169673646406,True,False,0,False
2025-06-16,3,0.19800304408425387,0.1590642293938454,True,False,0,False
2025-06-17,3,0.19319789153268557,0.15745625448877426,True,False,0,False
2025-06-18,3,0.1954981582461371,0.15994055522474754,True,False,0,False
2025-06-19,3,0.16291857959095132,0.15338567566282454,True,True,1,True
2025-06-20,3,0.14646724794989516,0.14282098772429758,True,True,1,True
2025-06-23,4,0.17734443433107208,0.1498176598977045,True,False,0,False
2025-06-24,4,0.14696548021605682,0.1391203470120041,True,True,1,True
2025-06-25,4,0.09924058707139606,0.12229522153483009,False,True,2,True
2025-06-26,4,0.1021030968992239,0.11898213206201197,False,True,2,True
2025-06-27,4,0.1355719854562522,0.12609250560627044,True,True,1,True
2025-06-30,4,0.21582550415550558,0.1425030716594617,True,False,0,False
2025-07-01,4,0.271863333854699,0.1569888622078712,True,False,0,False
2025-07-02,4,0.16695418926695027,0.14192384983832335,True,False,0,False
2025-07-03,4,0.23626926510626528,0.14766192534406908,True,False,0,False
2025-07-04,4,0.20881376130354953,0.1468915056956703,True,False,0,False
2025-07-07,4,0.2720564423275508,0.15521222855024128,True,False,0,False
2025-07-08,4,0.14708160047910843,0.13993343363030608,True,True,2,True
2025-07-09,4,0.18715327101684437,0.14250286513820676,True,False,0,False
2025-07-10,4,0.21360220854093198,0.14234546514903795,True,False,0,False
2025-07-11,3,0.12383049619067074,0.12956761798772268,False,True,1,True
2025-07-14,3,0.1548386924902243,0.13666254667096397,True,False,0,False
2025-07-15,3,0.16329452776455555,0.13906409753283855,True,False,0,False
2025-07-16,3,0.16827103200051097,0.1413741734665983,True,False,0,False
2025-07-17,3,0.1385252883435574,0.13540039603244158,True,True,1,True
2025-07-18,3,0.1301331423938668,0.1332379447076315,False,False,0,False
2025-07-21,4,0.16375428367952297,0.1322780110809695,True,False,0,False
2025-07-22,4,0.11054775348246246,0.12529343352364272,False,True,1,True
2025-07-23,4,0.09857784738366263,0.1222344048323466,False,False,0,False
2025-07-24,4,0.07173084703134841,0.11655473133703398,False,False,0,False
2025-07-25,4,0.10743002021358362,0.12088843486150891,False,True,1,True
2025-07-28,4,0.15800785708040158,0.12891463552193871,True,False,0,False
2025-07-29,4,0.13320167514372522,0.12740148567442178,True,True,2,True
2025-07-30,4,0.14419734822112557,0.1293223306761539,True,True,2,True
2025-07-31,4,0.17772664498582041,0.13347855661729235,True,False,0,False
2025-08-01,4,0.21112156456158068,0.13578931526089486,True,False,0,False
2025-08-04,4,0.12643931972262595,0.12896692848304311,False,True,1,True
2025-08-05,4,0.16301511939874816,0.13319276098876723,True,True,1,True
2025-08-06,4,0.15097312992109746,0.12926164049639452,True,True,1,True
2025-08-07,4,0.2168859504405115,0.13591450885512923,True,False,0,False
2025-08-08,3,0.13759813965808323,0.13477302014464176,True,False,0,False
2025-08-11,3,0.12712416616610953,0.13067170756068225,False,False,0,False
2025-08-12,3,0.11470569069309165,0.12761509748785568,False,False,0,False
2025-08-13,3,0.0943526821529855,0.11815826654340938,False,False,0,False
2025-08-14,3,0.07782732058668415,0.11406985413869725,False,False,0,False
2025-08-15,3,0.0570167115655282,0.10471566754700325,False,False,0,False
2025-08-18,4,0.08900892782331694,0.10388411557852711,False,True,2,True
2025-08-19,4,0.1102997642338811,0.11148139781259855,False,True,2,True
2025-08-20,4,0.05881714381646177,0.09823021827624837,False,False,0,False
2025-08-21,4,0.09621558079921695,0.1047538624900693,False,True,2,True
2025-08-22,4,0.03778378543751033,0.09548789529904284,False,False,0,False
2025-08-25,4,0.12703250175315514,0.10565018152849964,True,False,0,False
2025-08-26,4,0.12517501266336226,0.10894979234406735,True,True,1,True
2025-08-27,4,0.11078260625619984,0.10996624035177806,True,True,1,True
2025-08-28,4,0.1868041063410979,0.12396684682662527,True,False,0,False
2025-08-29,4,0.17238431068809262,0.12705423504857788,True,False,0,False
2025-09-01,4,0.29636271481737153,0.14506905944797557,True,False,0,False
2025-09-02,4,0.17503310196127236,0.12939913029374597,True,False,0,False
2025-09-03,4,0.1961605296878551,0.13579859334816102,True,False,0,False
2025-09-04,4,0.134523767118254,0.12924925756363695,True,True,1,True
2025-09-05,4,0.0803192561609336,0.1192986744328973,False,False,0,False
2025-09-08,4,0.29368218841294685,0.13704642480442997,True,False,0,False
2025-09-09,4,0.26927886016242714,0.1402985194263113,True,False,0,False
2025-09-10,4,0.39777942073565015,0.15032214046759132,True,False,0,False
2025-09-11,4,0.08046838583276358,0.1268236418152881,False,True,2,True
2025-09-12,3,0.18271953466443333,0.14001981131595811,True,False,0,False
2025-09-15,3,0.2250688601810178,0.15029385461400402,True,False,0,False
2025-09-16,3,0.19081914697621205,0.14104847704847168,True,False,0,False
2025-09-17,3,0.1653610385234485,0.1347731981324952,True,True,1,True
2025-09-18,3,0.24672422878225883,0.1513105019125043,True,False,0,False
2025-09-19,3,0.23658003133770103,0.14791488188225507,True,False,0,False
2025-09-22,4,0.2507527007854619,0.15165492209130826,True,False,0,False
2025-09-23,4,0.2972155621077633,0.1624113212316745,True,False,0,False
2025-09-24,4,0.19795103055019192,0.14576895165960949,True,False,0,False
2025-09-25,4,0.2160801442415183,0.14569041074262673,True,False,0,False
2025-09-26,4,0.16316249646224404,0.14418460167215533,True,True,1,True
2025-09-29,4,0.06949923300987865,0.13043875114064804,False,False,0,False
2025-09-30,4,0.09860223553984208,0.13168999386912675,False,False,0,False
2025-10-09,4,0.2307336957800542,0.14130984863449456,True,True,1,True
2025-10-10,3,0.13584222905250046,0.14282856089879392,False,False,0,False
2025-10-13,3,0.15476829765464287,0.15349408020812544,True,True,1,True
2025-10-14,3,0.18485453735103036,0.16072660989965665,True,False,0,False
2025-10-15,3,0.16112884374647485,0.1505940206753256,True,False,0,False
2025-10-16,3,0.15276036530031145,0.15253248773576142,False,True,1,True
2025-10-17,3,0.13080046500476794,0.14414387964133568,False,False,0,False
2025-10-20,4,0.1576757970209291,0.14471819600040478,True,False,0,False
2025-10-21,4,0.1346473136671138,0.14102300072195423,False,True,1,True
2025-10-22,4,0.12836016467920194,0.13917089698562796,False,True,1,True
2025-10-23,4,0.10866325430008786,0.13627276663681406,False,False,0,False
2025-10-24,4,0.09655495990815237,0.1350698122969774,False,False,0,False
2025-10-27,4,0.17951309970535959,0.1445228303364829,True,False,0,False
2025-10-28,4,0.14004230557057656,0.13844671994594066,True,True,2,True
2025-10-29,4,0.1082051122900019,0.1318849617538182,False,False,0,False
2025-10-30,4,0.10941317894988686,0.1315172356058696,False,False,0,False
2025-10-31,4,0.1600021298304113,0.13458567773142316,True,False,0,False
2025-11-03,4,0.16894262867441076,0.13550605840626515,True,False,0,False
2025-11-04,4,0.19288369805552097,0.14281131462732521,True,False,0,False
2025-11-05,4,0.21399461658519311,0.14520469895497276,True,False,0,False
2025-11-06,4,0.20287571031407475,0.14421238431775352,True,False,0,False
2025-11-07,4,0.17134558403810987,0.1428235835122834,True,False,0,False
2025-11-10,4,0.20990095258113847,0.1462099324391878,True,False,0,False
2025-11-11,4,0.2747426847789924,0.15039633674519984,True,False,0,False
2025-11-12,4,0.14544177692186677,0.14642990857895835,False,True,1,True
2025-11-13,4,0.14588003357613835,0.14834319885075076,False,True,1,True
2025-11-14,3,0.18559556869888558,0.15359017449070653,True,False,0,False
2025-11-17,3,0.1893967557660033,0.1556450833295119,True,False,0,False
2025-11-18,3,0.15206070982695946,0.1493375762307056,True,True,1,True
2025-11-19,3,0.14844525678985954,0.14849074935757797,False,True,1,True
2025-11-20,3,0.13622538788724034,0.14643315452970174,False,False,0,False
2025-11-21,3,0.09975085124140338,0.14192710311005363,False,False,0,False
2025-11-24,4,0.12431136965471758,0.14150082696892208,False,False,0,False
2025-11-25,4,0.16053017064023734,0.14868982579474094,True,False,0,False
2025-11-26,4,0.15778087382198364,0.14926029282732928,True,True,1,True
2025-11-27,4,0.17975196072977434,0.15410138416524338,True,False,0,False
2025-11-28,4,0.17763758164774365,0.15620103080612793,True,False,0,False
2025-12-01,4,0.24362086426455642,0.1633882728763374,True,False,0,False
2025-12-02,4,0.2037938976370082,0.15807940648580826,True,False,0,False
2025-12-03,4,0.16286925156394919,0.1529667286862802,True,False,0,False
2025-12-04,4,0.12215417378039965,0.14931674009291834,False,False,0,False
2025-12-05,4,0.08952506007418451,0.14746371939151662,False,False,0,False
2025-12-08,4,0.17020466246563715,0.15432706744110217,True,False,0,False
2025-12-09,4,0.14978049722389464,0.15299479771201926,False,True,1,True
2025-12-10,4,0.18779027963241537,0.15896629924927605,True,False,0,False
2025-12-11,4,0.05514912202998851,0.1508932598372373,False,False,0,False
2025-12-12,3,0.13667222411726204,0.15073296113628487,False,False,0,False
2025-12-15,3,0.12667403290430607,0.15011208311709634,False,False,0,False
2025-12-16,3,0.11836802734687685,0.14899231485240377,False,False,0,False
2025-12-17,3,0.11609014229069028,0.14611880494670562,False,False,0,False
2025-12-18,3,0.11932686812226441,0.14503135324224936,False,False,0,False
2025-12-19,3,0.09600096750415311,0.1383527892238629,False,False,0,False
2025-12-22,4,0.12749292909944845,0.14299380236306383,False,False,0,False
2025-12-23,4,0.11629200467395003,0.14102855749830503,False,False,0,False
2025-12-24,4,0.10566592564478272,0.1355026621922934,False,False,0,False
2025-12-25,4,0.0886140998048522,0.12896712182915981,False,False,0,False
2025-12-26,4,0.0400043605867673,0.12214486107945556,False,False,0,False
2025-12-29,4,0.07287763499934691,0.12829930589880306,False,False,0,False
2025-12-30,4,0.024218376325600484,0.12353713211260842,False,False,0,False
2025-12-31,4,0.058646653011023474,0.13317059901176864,False,False,0,False
2026-01-05,4,-0.004594775088532807,0.1175410845799995,False,False,0,False
2026-01-06,4,-0.02513093266746435,0.1104525834769096,False,False,0,False
2026-01-07,4,0.12182739594641696,0.12348095296368443,False,True,1,True
2026-01-08,4,0.10382855087335038,0.12473016303822153,False,False,0,False
2026-01-09,3,0.049140917068435847,0.1028599937278462,False,False,0,False
2026-01-12,3,0.01704981550718431,0.08589635614992466,False,False,0,False
2026-01-13,3,0.017387745829767046,0.08515538570068294,False,False,0,False
2026-01-14,3,0.06832081337369271,0.10017795971212257,False,False,0,False
2026-01-15,3,0.013966353612773326,0.08346331146199613,False,False,0,False
2026-01-16,3,0.024913246371923197,0.09038288517181567,False,False,0,False
2026-01-19,4,0.06672686827955478,0.0925687109046175,False,True,1,True
2026-01-20,4,0.0462951191857955,0.09040707668534564,False,False,0,False
2026-01-21,4,-0.0062335489240384016,0.08119216504405358,False,False,0,False
2026-01-22,4,-0.0009404919049424126,0.08103508998393162,False,False,0,False
2026-01-23,4,-0.09552572771412812,0.060298304942577576,False,False,0,False
2026-01-26,4,0.08851874287164262,0.08680598891324144,True,True,1,True
2026-01-27,4,0.006834306831623194,0.07514009124294721,False,False,0,False
2026-01-28,4,-0.0029878183087878093,0.07567930949869058,False,False,0,False
2026-01-29,4,-0.032783389087058516,0.06863199938513755,False,False,0,False
2026-01-30,4,-0.0598801757313885,0.06436170531294347,False,False,0,False
2026-02-02,4,0.21499580917437808,0.1017175205151913,True,False,0,False
2026-02-03,4,0.001126345866654277,0.07849906133354308,False,False,0,False
2026-02-04,4,-0.07091030675792333,0.07796256540978774,False,False,0,False
2026-02-05,4,-0.027981744437706277,0.08573730114916724,False,False,0,False
2026-02-06,4,0.13932073172331708,0.09658367353664672,True,True,1,True
2026-02-09,3,0.01551788614345945,0.08427114027198507,False,False,0,False
2026-02-10,3,0.04267069538043861,0.08896033196867977,False,False,0,False
2026-02-11,3,0.011903278392316932,0.08030834535043553,False,False,0,False
2026-02-12,3,-0.019946151904917456,0.07807019996142596,False,False,0,False
2026-02-13,3,0.038799300685775896,0.08847863957115189,False,False,0,False
2026-02-24,3,0.061071712087485554,0.0916780796576232,False,False,0,False
2026-02-25,4,0.04935553632991823,0.08858538476599481,False,False,0,False
2026-02-26,4,0.0990431549774473,0.10110872708878896,False,True,1,True
2026-02-27,4,0.07004178929488822,0.10412583821149639,False,False,0,False
2026-03-02,4,0.12365101951106755,0.1093048159239844,True,True,2,True
2026-03-03,4,0.04411501836542843,0.09751407386250104,False,False,0,False
2026-03-04,4,0.09030143968054528,0.10632567162800309,False,True,1,True
2026-03-05,4,0.12590595152705092,0.11282558961157223,True,True,2,True
2026-03-06,4,0.12386102529419069,0.11466271368194227,True,True,2,True
2026-03-09,4,0.056561237975565136,0.11411177180139433,False,False,0,False
2026-03-10,4,0.1475774704079184,0.11435361914120258,True,True,2,True
2026-03-11,4,0.22521873812077933,0.12262752820109703,True,False,0,False
2026-03-12,4,0.30141986206716964,0.12842977919635815,True,False,0,False
2026-03-13,3,0.13438494083406793,0.1241737040401576,True,False,0,False
2026-03-16,3,0.13137766218757374,0.12513199002328018,True,True,1,True
2026-03-17,3,0.10963562671755114,0.12550418714234451,False,True,1,True
2026-03-18,3,0.12270277042288914,0.12990208279549412,False,True,1,True
2026-03-19,3,0.08490462810041134,0.1300958631618671,False,False,0,False
2026-03-20,3,0.10612336608688416,0.1274387312847935,False,True,1,True
2026-03-23,4,0.09677911269294824,0.1342185923103419,False,True,1,True
2026-03-24,4,0.10541573751462166,0.12876606145264172,False,True,1,True
2026-03-25,4,0.2143784579612285,0.1468600849420404,True,False,0,False
2026-03-26,4,0.18777448762773424,0.1467682593816987,True,False,0,False
2026-03-27,4,0.1225878939295804,0.13432914904510063,False,True,1,True
2026-03-30,4,0.18909804348604242,0.14628445301457718,True,False,0,False
2026-03-31,4,0.13779276220204623,0.14271352247679797,False,True,1,True
2026-04-01,4,0.1784629967015128,0.14198339764723286,True,True,2,True
2026-04-02,4,0.17074925175809247,0.14756295456260052,True,True,2,True
2026-04-03,4,0.11852176866187714,0.143249077153142,False,True,1,True
2026-04-07,4,0.17327867604681865,0.14453674438648184,True,True,2,True
2026-04-08,4,0.050682577754089166,0.12275242582626897,False,True,1,True
2026-04-09,4,0.11910533499699012,0.13572025224147707,False,True,1,True
2026-04-10,3,0.14516390230568152,0.13606497290740385,True,True,1,True
2026-04-13,3,0.17372607155193764,0.14286854282423547,True,False,0,False
2026-04-14,3,0.17649353259400188,0.14302072822295026,True,False,0,False
2026-04-15,3,0.15251773425640597,0.13395377290311974,True,True,1,True
2026-04-16,3,0.11378661622112872,0.12890862253748905,False,True,1,True
2026-04-17,3,0.11183843411164811,0.1277191331702976,False,True,1,True
2026-04-20,4,0.16217396764261013,0.1270650013634366,True,False,0,False
2026-04-21,4,0.15280102177609722,0.12467306345619232,True,False,0,False
2026-04-22,4,0.1014312498812627,0.12092909307183448,False,True,1,True
2026-04-23,4,0.08357013069807798,0.11782762247768434,False,True,1,True
2026-04-24,4,0.10268717264906208,0.11703785649750754,False,True,1,True
2026-04-27,4,0.11244486437712471,0.1180650494251014,False,True,1,True
2026-04-28,4,0.08437078975021345,0.11325140491199662,False,True,1,True
2026-04-29,4,0.048678497951728114,0.10760502290913262,False,False,0,False
2026-04-30,4,0.059689886498648315,0.10741434310220109,False,False,0,False
2026-05-06,4,0.1400695241373961,0.10709009382537155,True,True,1,True
2026-05-07,4,0.05373171403844717,0.10086516956651578,False,False,0,False
2026-05-08,3,0.10659551386372264,0.10429162082308793,True,False,0,False
2026-05-11,3,0.15155189330063762,0.11532522989266696,True,False,0,False
2026-05-12,3,0.13343705800068198,0.11288814047468469,True,False,0,False
2026-05-13,3,0.10002818918875338,0.10404203361027155,False,False,0,False
2026-05-14,3,0.10953007347367484,0.10562833522009443,True,False,0,False
2026-05-15,3,0.127121761414807,0.10941759832700343,True,False,0,False
2026-05-18,4,0.11666228714801176,0.10991482011948228,True,False,0,False
2026-05-19,4,0.12300382852556303,0.11328096659768723,True,True,1,True
2026-05-20,4,0.14560623598696013,0.11953952467992152,True,False,0,False
2026-05-21,4,0.11312452986739495,0.11184089589040262,True,True,2,True
2026-05-22,4,0.1592315913860418,0.12189835727310236,True,False,0,False
2026-05-25,4,0.2168688465913256,0.13039561317951084,True,False,0,False
2026-05-26,4,0.15714395625750543,0.12260540281191386,True,False,0,False
2026-05-27,4,0.1919621451227483,0.12904066972036807,True,False,0,False
2026-05-28,4,0.21543240625537197,0.13195397645483595,True,False,0,False
2026-05-29,4,0.138156554054048,0.12327132542157043,True,False,0,False
2026-06-01,4,0.09633168976961295,0.11605139948436427,False,False,0,False
2026-06-02,4,0.14920021609900105,0.12084960473474277,True,False,0,False
2026-06-03,4,0.16958675849885002,0.12745785934638457,True,False,0,False
2026-06-04,4,0.18668294471474398,0.12825428471926772,True,False,0,False
2026-06-05,4,0.15824310542647615,0.12974123775262342,True,True,1,True
2026-06-08,4,0.04239993387264938,0.12021408619376524,False,False,0,False
2026-06-09,4,0.3283543531589533,0.14243818844751438,True,False,0,False
2026-06-10,4,0.16962563839515818,0.1344265069498993,True,False,0,False
2026-06-11,4,0.17908049624280264,0.13332747719853844,True,True,1,True
2026-06-12,3,0.11363857088944113,0.12593491129236845,False,False,0,False
2026-06-15,3,0.16172250992046228,0.13224537029129316,True,False,0,False
2026-06-16,3,0.17239088657174045,0.1380724302629027,True,False,0,False
2026-06-17,3,0.13809000579994127,0.13030086076057862,True,True,1,True
2026-06-18,3,0.14267640843996687,0.12974071565860673,True,True,1,True
2026-06-22,3,0.24710701842990707,0.14933759049273762,True,False,0,False
2026-06-23,4,0.14146781104502837,0.13854433807502772,True,True,2,True
2026-06-24,4,0.22096077080358167,0.14970261655669526,True,False,0,False
2026-06-25,4,0.18798255678174158,0.14599026562067866,True,True,2,True
2026-06-26,4,0.14465043707289071,0.14577684284370657,False,True,2,True
2026-06-29,4,0.18448306824028407,0.14989738377549627,True,False,0,False
2026-06-30,4,0.238153430707901,0.15344037997677804,True,False,0,False
2026-07-01,4,0.3582751042308564,0.1685008710015947,True,False,0,False
2026-07-02,4,0.1567611657941261,0.1448161267782822,True,True,1,True
2026-07-03,4,0.16614995039817948,0.14383281956225866,True,True,1,True
2026-07-06,4,0.06076781491268343,0.13421367346828134,False,False,0,False
2026-07-07,4,0.03312497191906514,0.1302018240308139,False,False,0,False
2026-07-08,4,-0.04322909564011398,0.11872033494307614,False,False,0,False
2026-07-09,4,0.09971976605305558,0.12470610450702446,False,False,0,False
2026-07-10,3,0.11292166786061035,0.13123517992055064,False,False,0,False
2026-07-13,3,0.05499510278775876,0.11129142735212724,False,False,0,False
2026-07-14,3,0.09211447219785479,0.12053225988916418,False,False,0,False
2026-07-15,3,0.05737235198530675,0.10978335593625044,False,False,0,False
2026-07-16,3,0.05363249623879991,0.10236676703423865,False,False,0,False
2026-07-17,3,0.08121659045232228,0.11498883764141542,False,False,0,False
2026-07-20,4,0.09514984738541078,0.11671220141086625,False,True,1,True
2026-07-21,4,0.07241153374968765,0.10952457421273992,False,True,1,True
2026-07-22,4,0.11916934919098748,0.11966567084853189,False,True,1,True
2026-07-23,4,0.10982673708390184,0.11972973855077834,False,True,1,True
2026-07-24,4,0.10378095399112153,0.12046123481840224,False,True,1,True
2026-07-27,4,0.051334559212572656,0.11175574354459397,False,False,0,False
2026-07-28,4,0.06207757941968682,0.11146542614125483,False,True,1,True
2026-07-29,4,0.0240897878496886,0.09732880029115204,False,False,0,False
2026-07-30,4,0.04819948164219152,0.0987088538926202,False,False,0,False
2026-07-31,4,0.08798232270284137,0.10549097944833431,False,False,0,False
2026-08-03,4,0.043506767983990675,0.09891431614067413,False,False,0,False
2026-08-04,4,0.07389808854691593,0.10066199597771822,False,False,0,False
2026-08-05,4,0.051613066560539565,0.09827521207413485,False,False,0,False
2026-08-06,4,0.07838163666567526,0.10935911174776605,False,False,0,False
2026-08-07,4,0.09014778772054442,0.11242209472445973,False,True,1,True
2026-08-10,4,0.19372495427566483,0.12365377586649864,True,False,0,False
2026-08-11,4,0.0681219589012424,0.11700530715048241,False,True,1,True
2026-08-12,4,0.19028902675355902,0.12391668772515628,True,False,0,False
2026-08-13,4,0.04824634869018499,0.11796015306267237,False,True,1,True
2026-08-14,3,0.16542841837290354,0.1283895090087668,True,False,0,False
2026-08-17,3,0.13384875045890568,0.12445803116397482,True,False,0,False
2026-08-18,3,0.20117303294199965,0.13525427704295578,True,False,0,False
2026-08-19,3,0.08647844458305093,0.11483286330603124,False,True,1,True
2026-08-20,3,0.12719023624922118,0.11958254512705582,True,False,0,False
2026-08-21,3,0.13464618422090385,0.12566270147098438,True,False,0,False
